regime,composite_score,components,confidence,date
NEUTRAL_BEARISH,0.0,"{'equity': 0.0, 'volatility': 0.0, 'credit': 0.0, 'safe_haven': -0.0, 'breadth': 0.0}",0.0,2024-01-02
NEUTRAL_BEARISH,0.0,"{'equity': 0.0, 'volatility': 0.0, 'credit': 0.0, 'safe_haven': -0.0, 'breadth': 0.0}",0.0,2024-01-03
NEUTRAL_BEARISH,0.0,"{'equity': 0.0, 'volatility': 0.0, 'credit': 0.0, 'safe_haven': -0.0, 'breadth': 0.0}",0.0,2024-01-04
NEUTRAL_BEARISH,0.0,"{'equity': 0.0, 'volatility': 0.0, 'credit': 0.0, 'safe_haven': -0.0, 'breadth': 0.0}",0.0,2024-01-05
NEUTRAL_BEARISH,0.0,"{'equity': 0.0, 'volatility': 0.0, 'credit': 0.0, 'safe_haven': -0.0, 'breadth': 0.0}",0.0,2024-01-08
NEUTRAL_BEARISH,0.0,"{'equity': 0.0, 'volatility': 0.0, 'credit': 0.0, 'safe_haven': -0.0, 'breadth': 0.0}",0.0,2024-01-09
NEUTRAL_BEARISH,0.0,"{'equity': 0.0, 'volatility': 0.0, 'credit': 0.0, 'safe_haven': -0.0, 'breadth': 0.0}",0.0,2024-01-10
NEUTRAL_BEARISH,0.0,"{'equity': 0.0, 'volatility': 0.0, 'credit': 0.0, 'safe_haven': -0.0, 'breadth': 0.0}",0.0,2024-01-11
NEUTRAL_BEARISH,0.0,"{'equity': 0.0, 'volatility': 0.0, 'credit': 0.0, 'safe_haven': -0.0, 'breadth': 0.0}",0.0,2024-01-12
NEUTRAL_BEARISH,0.0,"{'equity': 0.0, 'volatility': 0.0, 'credit': 0.0, 'safe_haven': -0.0, 'breadth': 0.0}",0.0,2024-01-16
NEUTRAL_BEARISH,0.0,"{'equity': 0.0, 'volatility': 0.0, 'credit': 0.0, 'safe_haven': -0.0, 'breadth': 0.0}",0.0,2024-01-17
NEUTRAL_BEARISH,0.0,"{'equity': 0.0, 'volatility': 0.0, 'credit': 0.0, 'safe_haven': -0.0, 'breadth': 0.0}",0.0,2024-01-18
NEUTRAL_BEARISH,0.0,"{'equity': 0.0, 'volatility': 0.0, 'credit': 0.0, 'safe_haven': -0.0, 'breadth': 0.0}",0.0,2024-01-19
NEUTRAL_BEARISH,0.0,"{'equity': 0.0, 'volatility': 0.0, 'credit': 0.0, 'safe_haven': -0.0, 'breadth': 0.0}",0.0,2024-01-22
NEUTRAL_BEARISH,0.0,"{'equity': 0.0, 'volatility': 0.0, 'credit': 0.0, 'safe_haven': -0.0, 'breadth': 0.0}",0.0,2024-01-23
NEUTRAL_BEARISH,0.0,"{'equity': 0.0, 'volatility': 0.0, 'credit': 0.0, 'safe_haven': -0.0, 'breadth': 0.0}",0.0,2024-01-24
NEUTRAL_BEARISH,0.0,"{'equity': 0.0, 'volatility': 0.0, 'credit': 0.0, 'safe_haven': -0.0, 'breadth': 0.0}",0.0,2024-01-25
NEUTRAL_BEARISH,0.0,"{'equity': 0.0, 'volatility': 0.0, 'credit': 0.0, 'safe_haven': -0.0, 'breadth': 0.0}",0.0,2024-01-26
NEUTRAL_BEARISH,0.0,"{'equity': 0.0, 'volatility': 0.0, 'credit': 0.0, 'safe_haven': -0.0, 'breadth': 0.0}",0.0,2024-01-29
NEUTRAL_BEARISH,0.0,"{'equity': 0.0, 'volatility': 0.0, 'credit': 0.0, 'safe_haven': -0.0, 'breadth': 0.0}",0.0,2024-01-30
NEUTRAL_BEARISH,0.0,"{'equity': 0.0, 'volatility': 0.0, 'credit': 0.0, 'safe_haven': -0.0, 'breadth': 0.0}",0.0,2024-01-31
NEUTRAL_BEARISH,0.0,"{'equity': 0.0, 'volatility': 0.0, 'credit': 0.0, 'safe_haven': -0.0, 'breadth': 0.0}",0.0,2024-02-01
NEUTRAL_BEARISH,0.0,"{'equity': 0.0, 'volatility': 0.0, 'credit': 0.0, 'safe_haven': -0.0, 'breadth': 0.0}",0.0,2024-02-02
NEUTRAL_BEARISH,0.0,"{'equity': 0.0, 'volatility': 0.0, 'credit': 0.0, 'safe_haven': -0.0, 'breadth': 0.0}",0.0,2024-02-05
NEUTRAL_BEARISH,0.0,"{'equity': 0.0, 'volatility': 0.0, 'credit': 0.0, 'safe_haven': -0.0, 'breadth': 0.0}",0.0,2024-02-06
NEUTRAL_BEARISH,0.0,"{'equity': 0.0, 'volatility': 0.0, 'credit': 0.0, 'safe_haven': -0.0, 'breadth': 0.0}",0.0,2024-02-07
NEUTRAL_BEARISH,0.0,"{'equity': 0.0, 'volatility': 0.0, 'credit': 0.0, 'safe_haven': -0.0, 'breadth': 0.0}",0.0,2024-02-08
NEUTRAL_BEARISH,0.0,"{'equity': 0.0, 'volatility': 0.0, 'credit': 0.0, 'safe_haven': -0.0, 'breadth': 0.0}",0.0,2024-02-09
NEUTRAL_BEARISH,0.0,"{'equity': 0.0, 'volatility': 0.0, 'credit': 0.0, 'safe_haven': -0.0, 'breadth': 0.0}",0.0,2024-02-12
NEUTRAL_BEARISH,0.0,"{'equity': 0.0, 'volatility': 0.0, 'credit': 0.0, 'safe_haven': -0.0, 'breadth': 0.0}",0.0,2024-02-13
NEUTRAL_BEARISH,0.0,"{'equity': 0.0, 'volatility': 0.0, 'credit': 0.0, 'safe_haven': -0.0, 'breadth': 0.0}",0.0,2024-02-14
NEUTRAL_BEARISH,0.0,"{'equity': 0.0, 'volatility': 0.0, 'credit': 0.0, 'safe_haven': -0.0, 'breadth': 0.0}",0.0,2024-02-15
NEUTRAL_BEARISH,0.0,"{'equity': 0.0, 'volatility': 0.0, 'credit': 0.0, 'safe_haven': -0.0, 'breadth': 0.0}",0.0,2024-02-16
NEUTRAL_BEARISH,0.0,"{'equity': 0.0, 'volatility': 0.0, 'credit': 0.0, 'safe_haven': -0.0, 'breadth': 0.0}",0.0,2024-02-20
NEUTRAL_BEARISH,0.0,"{'equity': 0.0, 'volatility': 0.0, 'credit': 0.0, 'safe_haven': -0.0, 'breadth': 0.0}",0.0,2024-02-21
NEUTRAL_BEARISH,0.0,"{'equity': 0.0, 'volatility': 0.0, 'credit': 0.0, 'safe_haven': -0.0, 'breadth': 0.0}",0.0,2024-02-22
NEUTRAL_BEARISH,0.0,"{'equity': 0.0, 'volatility': 0.0, 'credit': 0.0, 'safe_haven': -0.0, 'breadth': 0.0}",0.0,2024-02-23
NEUTRAL_BEARISH,0.0,"{'equity': 0.0, 'volatility': 0.0, 'credit': 0.0, 'safe_haven': -0.0, 'breadth': 0.0}",0.0,2024-02-26
NEUTRAL_BEARISH,0.0,"{'equity': 0.0, 'volatility': 0.0, 'credit': 0.0, 'safe_haven': -0.0, 'breadth': 0.0}",0.0,2024-02-27
NEUTRAL_BEARISH,0.0,"{'equity': 0.0, 'volatility': 0.0, 'credit': 0.0, 'safe_haven': -0.0, 'breadth': 0.0}",0.0,2024-02-28
NEUTRAL_BEARISH,0.0,"{'equity': 0.0, 'volatility': 0.0, 'credit': 0.0, 'safe_haven': -0.0, 'breadth': 0.0}",0.0,2024-02-29
NEUTRAL_BEARISH,0.0,"{'equity': 0.0, 'volatility': 0.0, 'credit': 0.0, 'safe_haven': -0.0, 'breadth': 0.0}",0.0,2024-03-01
NEUTRAL_BULLISH,0.1694752898085104,"{'equity': 0.4635151454537453, 'volatility': 0.0, 'credit': 0.22892908665765987, 'safe_haven': -0.023266816915571142, 'breadth': -0.35050805894496717}",16.94752898085104,2024-03-04
NEUTRAL_BULLISH,0.11867236759167214,"{'equity': 0.3953134200080063, 'volatility': 0.0, 'credit': 0.12265273945433197, 'safe_haven': -0.09696584970973726, 'breadth': -0.2967299984553584}",11.867236759167215,2024-03-05
NEUTRAL_BULLISH,0.1270957488067754,"{'equity': 0.4290869297135461, 'volatility': 0.0, 'credit': 0.12081617636821473, 'safe_haven': -0.13298654384131858, 'breadth': -0.2729993029041089}",12.70957488067754,2024-03-06
NEUTRAL_BULLISH,0.14187477220190092,"{'equity': 0.4898351175774388, 'volatility': 0.0, 'credit': 0.1076526411415446, 'safe_haven': -0.1455544883355897, 'breadth': -0.2926487392817312}",14.187477220190093,2024-03-07
NEUTRAL_BULLISH,0.09700293054585413,"{'equity': 0.3561436960997899, 'volatility': 0.0, 'credit': 0.11610291347279755, 'safe_haven': -0.15996104206075362, 'breadth': -0.26873789474518794}",9.700293054585412,2024-03-08
NEUTRAL_BULLISH,0.10023638460843369,"{'equity': 0.3366110123838376, 'volatility': 0.0, 'credit': 0.11092635501036563, 'safe_haven': -0.17715791706111567, 'breadth': -0.13189053168815246}",10.023638460843369,2024-03-11
NEUTRAL_BULLISH,0.1259685090447467,"{'equity': 0.3797164124742344, 'volatility': 0.0, 'credit': 0.16323407107968868, 'safe_haven': -0.10600993204319814, 'breadth': -0.23677559730693298}",12.596850904474671,2024-03-12
NEUTRAL_BULLISH,0.1301933778966884,"{'equity': 0.36990732999390674, 'volatility': 0.0, 'credit': 0.17717037960955473, 'safe_haven': -0.11246852283026354, 'breadth': -0.1783798509855039}",13.019337789668839,2024-03-13
NEUTRAL_BULLISH,0.11164584615088671,"{'equity': 0.33008294640111935, 'volatility': 0.0, 'credit': 0.2020010466503308, 'safe_haven': -0.06360255084821131, 'breadth': -0.3474301179233952}",11.164584615088671,2024-03-14
NEUTRAL_BULLISH,0.10995006653028555,"{'equity': 0.29975553575473396, 'volatility': 0.0, 'credit': 0.19276119324943775, 'safe_haven': -0.05438713890771496, 'breadth': -0.2535853879760164}",10.995006653028556,2024-03-15
NEUTRAL_BULLISH,0.10311081332519786,"{'equity': 0.32708247506270405, 'volatility': 0.0, 'credit': 0.1780397578911197, 'safe_haven': -0.15452861170410753, 'breadth': -0.23796712769356354}",10.311081332519786,2024-03-18
NEUTRAL_BULLISH,0.08953911634166829,"{'equity': 0.2753726022409893, 'volatility': 0.0, 'credit': 0.18296734921430358, 'safe_haven': -0.14254327517956272, 'breadth': -0.22053273008604268}",8.953911634166829,2024-03-19
NEUTRAL_BULLISH,0.12401522091614472,"{'equity': 0.3471512426792204, 'volatility': 0.0, 'credit': 0.19853525184843068, 'safe_haven': -0.173401747672291, 'breadth': -0.11184502240424887}",12.401522091614472,2024-03-20
NEUTRAL_BULLISH,0.14053398426794272,"{'equity': 0.38194267751168154, 'volatility': 0.0, 'credit': 0.17851362169539087, 'safe_haven': -0.17595657939870668, 'breadth': -0.024551902904179634}",14.053398426794272,2024-03-21
NEUTRAL_BULLISH,0.07856921540822905,"{'equity': 0.31225767591913794, 'volatility': 0.0, 'credit': 0.15350124410103305, 'safe_haven': -0.1734430126761366, 'breadth': -0.35404768082255345}",7.8569215408229045,2024-03-22
NEUTRAL_BULLISH,0.07508201250352209,"{'equity': 0.27400510051288074, 'volatility': 0.0, 'credit': 0.12181837140371798, 'safe_haven': -0.18889657731803067, 'breadth': -0.16848960359025167}",7.508201250352209,2024-03-25
NEUTRAL_BULLISH,0.06467807032637517,"{'equity': 0.2744969463220008, 'volatility': 0.0, 'credit': 0.09233847503500647, 'safe_haven': -0.2112337041436646, 'breadth': -0.18178500271776699}",6.467807032637516,2024-03-26
NEUTRAL_BULLISH,0.08938197569240325,"{'equity': 0.3335082965382833, 'volatility': 0.0, 'credit': 0.07647246173255517, 'safe_haven': -0.2557014383006906, 'breadth': -0.04285204697403344}",8.938197569240325,2024-03-27
NEUTRAL_BULLISH,0.08617176948822632,"{'equity': 0.3355635857820257, 'volatility': 0.0, 'credit': 0.06357408552244426, 'safe_haven': -0.28857997428665516, 'breadth': -0.00703306496973255}",8.617176948822632,2024-03-28
NEUTRAL_BULLISH,0.1477703670864281,"{'equity': 0.32563162173359084, 'volatility': 0.0, 'credit': 0.25366138411785144, 'safe_haven': -0.0990033222952369, 'breadth': -0.020824789996134463}",14.777036708642811,2024-04-01
NEUTRAL_BULLISH,0.09201960439603535,"{'equity': 0.22814154377822676, 'volatility': 0.0, 'credit': 0.20669539837608997, 'safe_haven': -0.20592170713530117, 'breadth': 0.01719240468733174}",9.201960439603535,2024-04-02
NEUTRAL_BULLISH,0.1005115961768964,"{'equity': 0.2454373409732598, 'volatility': 0.0, 'credit': 0.2081172775964868, 'safe_haven': -0.22991953554501787, 'breadth': 0.07473001648710786}",10.05115961768964,2024-04-03
NEUTRAL_BULLISH,0.07590445441168911,"{'equity': 0.1799941655357969, 'volatility': 0.0, 'credit': 0.18923478685754613, 'safe_haven': -0.23103453018463727, 'breadth': 0.09714718630346564}",7.590445441168911,2024-04-04
NEUTRAL_BULLISH,0.08987785462652051,"{'equity': 0.25518028952920213, 'volatility': 0.0, 'credit': 0.17526311237852865, 'safe_haven': -0.31037329001116276, 'breadth': 0.12068124317268447}",8.98778546265205,2024-04-05
NEUTRAL_BULLISH,0.05067248404830206,"{'equity': 0.19041561711312588, 'volatility': 0.0, 'credit': 0.1265603138275484, 'safe_haven': -0.31865958204896017, 'breadth': 0.06513892600542359}",5.067248404830206,2024-04-08
NEUTRAL_BEARISH,0.007853569167467912,"{'equity': 0.15084682999430074, 'volatility': 0.0, 'credit': 0.0625003745158148, 'safe_haven': -0.37343818697152753, 'breadth': -0.014271681879711728}",0.7853569167467912,2024-04-09
NEUTRAL_BEARISH,-0.01343416836797668,"{'equity': 0.07307916646406805, 'volatility': 0.0, 'credit': 0.11616083304395897, 'safe_haven': -0.29209812320630496, 'breadth': -0.18429324758246546}",1.343416836797668,2024-04-10
NEUTRAL_BEARISH,-0.0009423142851666955,"{'equity': 0.12415062401696023, 'volatility': 0.0, 'credit': 0.12750737410314184, 'safe_haven': -0.33694262035957406, 'breadth': -0.1935511445779503}",0.09423142851666955,2024-04-11
BEAR_WEAK,-0.05700341802921126,"{'equity': 0.020630435502364354, 'volatility': 0.0, 'credit': 0.122818385919371, 'safe_haven': -0.31576745683852214, 'breadth': -0.41422629113134657}",5.700341802921126,2024-04-12
BEAR_WEAK,-0.09558601524467439,"{'equity': -0.06428938816254022, 'volatility': 0.0, 'credit': 0.15344230738885023, 'safe_haven': -0.3724179847378317, 'breadth': -0.47910493154880607}",9.55860152446744,2024-04-15
BEAR_WEAK,-0.07604925054834412,"{'equity': -0.027562656567302425, 'volatility': 0.0, 'credit': 0.14760013983925124, 'safe_haven': -0.36313468820725336, 'breadth': -0.4145214548655052}",7.604925054834412,2024-04-16
BEAR_WEAK,-0.10567096535248154,"{'equity': -0.07499266028098843, 'volatility': 0.0, 'credit': 0.10731448434665336, 'safe_haven': -0.36784914641889765, 'breadth': -0.45709059160631615}",10.567096535248153,2024-04-17
BEAR_WEAK,-0.10352928574573897,"{'equity': -0.08918432322971478, 'volatility': 0.0, 'credit': 0.13488503625699866, 'safe_haven': -0.3657049260572967, 'breadth': -0.4443604095814402}",10.352928574573896,2024-04-18
BEAR_WEAK,-0.11047628075173035,"{'equity': -0.1352446078905173, 'volatility': 0.0, 'credit': 0.1429728464544644, 'safe_haven': -0.3836417300128747, 'breadth': -0.34188977779010976}",11.047628075173035,2024-04-19
BEAR_WEAK,-0.06295620083960597,"{'equity': -0.1220344321720862, 'volatility': 0.0, 'credit': 0.146955293683243, 'safe_haven': -0.2908957852509722, 'breadth': -0.060008405283785704}",6.295620083960597,2024-04-22
NEUTRAL_BEARISH,-0.017648348777685525,"{'equity': -0.05140441181206361, 'volatility': 0.0, 'credit': 0.1933734352537131, 'safe_haven': -0.23659213505080656, 'breadth': -0.028426714365848982}",1.7648348777685525,2024-04-23
NEUTRAL_BEARISH,-0.016062606365950922,"{'equity': -0.05413184228601227, 'volatility': 0.0, 'credit': 0.20938299716960485, 'safe_haven': -0.21440417757038033, 'breadth': -0.06832434364210549}",1.6062606365950922,2024-04-24
NEUTRAL_BEARISH,-0.025220453309313034,"{'equity': -0.07835473319513231, 'volatility': 0.0, 'credit': 0.2173739120874807, 'safe_haven': -0.21475003577063195, 'breadth': -0.09058573742918075}",2.5220453309313036,2024-04-25
NEUTRAL_BEARISH,-0.022701044244806692,"{'equity': -0.025277812736902994, 'volatility': 0.0, 'credit': 0.2129807926431282, 'safe_haven': -0.2498430085935413, 'breadth': -0.18973517026485087}",2.270104424480669,2024-04-26
NEUTRAL_BEARISH,-0.03732842040290925,"{'equity': -0.03654960600776025, 'volatility': 0.0, 'credit': 0.16651483429874214, 'safe_haven': -0.23206847237374345, 'breadth': -0.23028754303880072}",3.732842040290925,2024-04-29
BEAR_WEAK,-0.07150088190683547,"{'equity': -0.1836174161797638, 'volatility': 0.0, 'credit': 0.16982283925453867, 'safe_haven': -0.08832209874788083, 'breadth': -0.2795103928264375}",7.150088190683547,2024-04-30
BEAR_WEAK,-0.07500882885055539,"{'equity': -0.19710111180514228, 'volatility': 0.0, 'credit': 0.18156820446285193, 'safe_haven': -0.13047117331885183, 'breadth': -0.22766404613498215}",7.500882885055539,2024-05-01
NEUTRAL_BEARISH,-0.044008123347041406,"{'equity': -0.13239921483162775, 'volatility': 0.0, 'credit': 0.1824008357977358, 'safe_haven': -0.1320430285789731, 'breadth': -0.14342111028672888}",4.40081233470414,2024-05-02
NEUTRAL_BEARISH,-0.026297996334932787,"{'equity': -0.05464707950220156, 'volatility': 0.0, 'credit': 0.13936032579211166, 'safe_haven': -0.11955251831169439, 'breadth': -0.17110705920830416}",2.6297996334932785,2024-05-03
NEUTRAL_BEARISH,0.0077171427798524254,"{'equity': -0.021932243851611556, 'volatility': 0.0, 'credit': 0.19979175671525295, 'safe_haven': -0.05799700823806264, 'breadth': -0.15865371979424725}",0.7717142779852425,2024-05-06
NEUTRAL_BEARISH,0.021740510615630093,"{'equity': 0.019237716805095006, 'volatility': 0.0, 'credit': 0.20745283040995321, 'safe_haven': -0.041833586120715305, 'breadth': -0.20208218430036506}",2.1740510615630093,2024-05-07
NEUTRAL_BEARISH,0.015854226090783838,"{'equity': 0.008799153123274506, 'volatility': 0.0, 'credit': 0.20891492464285788, 'safe_haven': -0.019560782418786837, 'breadth': -0.2607434506811579}",1.5854226090783838,2024-05-08
NEUTRAL_BEARISH,0.020037290356931817,"{'equity': 0.03898770284625708, 'volatility': 0.0, 'credit': 0.1958122301094245, 'safe_haven': -0.07291408845482544, 'breadth': -0.21833738392919244}",2.0037290356931816,2024-05-09
NEUTRAL_BEARISH,0.026406929224724103,"{'equity': 0.05352697800787305, 'volatility': 0.0, 'credit': 0.21467935408049144, 'safe_haven': -0.07759784460901198, 'breadth': -0.23623707202777955}",2.6406929224724105,2024-05-10
NEUTRAL_BEARISH,0.02921639286998883,"{'equity': 0.06835066153132192, 'volatility': 0.0, 'credit': 0.12860715228069308, 'safe_haven': -0.14465303413634195, 'breadth': 0.012701859983388353}",2.921639286998883,2024-05-13
NEUTRAL_BEARISH,0.04115902037096101,"{'equity': 0.13339538486367672, 'volatility': 0.0, 'credit': 0.1246633026434596, 'safe_haven': -0.19081035110784517, 'breadth': -0.018404721938409807}",4.115902037096101,2024-05-14
NEUTRAL_BEARISH,0.04922197749921668,"{'equity': 0.20268411760592836, 'volatility': 0.0, 'credit': 0.09485538337727695, 'safe_haven': -0.2594433388289724, 'breadth': -0.017720395139677603}",4.9221977499216685,2024-05-15
NEUTRAL_BEARISH,0.037471405382882086,"{'equity': 0.18311690527969587, 'volatility': 0.0, 'credit': 0.08714697853713815, 'safe_haven': -0.2462405113255281, 'breadth': -0.07112830473609888}",3.7471405382882086,2024-05-16
NEUTRAL_BEARISH,0.03606347061341101,"{'equity': 0.16925454649370825, 'volatility': 0.0, 'credit': 0.0714638710553972, 'safe_haven': -0.2778904543020591, 'breadth': 0.04215173274842554}",3.606347061341101,2024-05-17
NEUTRAL_BEARISH,-0.011482232770548537,"{'equity': 0.0636870567168557, 'volatility': 0.0, 'credit': 0.07452755339602324, 'safe_haven': -0.24341261402243713, 'breadth': -0.12166321197287111}",1.1482232770548537,2024-05-20
NEUTRAL_BEARISH,0.010653425446622511,"{'equity': 0.09420463885506472, 'volatility': 0.0, 'credit': 0.09431917055054972, 'safe_haven': -0.2510252044498737, 'breadth': -0.035282515952790305}",1.065342544662251,2024-05-21
NEUTRAL_BEARISH,0.003985614146388053,"{'equity': 0.07467205682768152, 'volatility': 0.0, 'credit': 0.08704963400813392, 'safe_haven': -0.20256180811749763, 'breadth': -0.0917526132730262}",0.3985614146388053,2024-05-22
NEUTRAL_BEARISH,-0.009491018622818028,"{'equity': 0.02709120857442534, 'volatility': 0.0, 'credit': 0.09552510111772272, 'safe_haven': -0.13198084457317794, 'breadth': -0.1828083516143475}",0.9491018622818028,2024-05-23
NEUTRAL_BEARISH,0.004033457729546327,"{'equity': 0.07962386263835905, 'volatility': 0.0, 'credit': 0.08535246089440784, 'safe_haven': -0.1454297889413561, 'breadth': -0.1909091803155749}",0.4033457729546327,2024-05-24
NEUTRAL_BEARISH,-0.0023030029142918993,"{'equity': 0.039560128504777345, 'volatility': 0.0, 'credit': 0.1415584162556882, 'safe_haven': -0.04756196174554528, 'breadth': -0.3732643688026982}",0.23030029142918992,2024-05-28
NEUTRAL_BEARISH,-0.013798350704866883,"{'equity': -0.008436255260614497, 'volatility': 0.0, 'credit': 0.16440310589752483, 'safe_haven': 0.006103453667253844, 'breadth': -0.4464180059324485}",1.3798350704866882,2024-05-29
NEUTRAL_BEARISH,-0.011134515551546303,"{'equity': -0.0226957630372678, 'volatility': 0.0, 'credit': 0.14456138127656892, 'safe_haven': -0.021756724331796207, 'breadth': -0.28839766094046926}",1.1134515551546302,2024-05-30
NEUTRAL_BEARISH,-0.005947476422520896,"{'equity': 0.017804086377076016, 'volatility': 0.0, 'credit': 0.08156090472955846, 'safe_haven': -0.041815154664588405, 'breadth': -0.22218814400720932}",0.5947476422520896,2024-05-31
NEUTRAL_BEARISH,0.02284244868725803,"{'equity': 0.1228271736538892, 'volatility': 0.0, 'credit': 0.0637256313561263, 'safe_haven': -0.05536509196003403, 'breadth': -0.24587424568823346}",2.284244868725803,2024-06-03
NEUTRAL_BEARISH,-0.020117357792640206,"{'equity': 0.06439861249097734, 'volatility': 0.0, 'credit': -0.015999322100810343, 'safe_haven': -0.05409865588994589, 'breadth': -0.3134220936082832}",2.0117357792640207,2024-06-04
NEUTRAL_BEARISH,0.003435798698944559,"{'equity': 0.1444372600445798, 'volatility': 0.0, 'credit': -0.017030931787764825, 'safe_haven': -0.10246171055609654, 'breadth': -0.28341799375690924}",0.3435798698944559,2024-06-05
NEUTRAL_BEARISH,-0.01248024509938156,"{'equity': 0.13181613828719518, 'volatility': 0.0, 'credit': -0.027531336096935366, 'safe_haven': -0.11731335626105843, 'breadth': -0.35512622841354036}",1.248024509938156,2024-06-06
NEUTRAL_BEARISH,-0.00839061573517158,"{'equity': 0.09827894188957667, 'volatility': 0.0, 'credit': 0.012941331141451684, 'safe_haven': 0.03571968284404842, 'breadth': -0.5073446405142101}",0.839061573517158,2024-06-07
NEUTRAL_BEARISH,0.013050619559571625,"{'equity': 0.12634863430891688, 'volatility': 0.0, 'credit': 0.006793183877851217, 'safe_haven': 0.023598413590959766, 'breadth': -0.3606980126276349}",1.3050619559571626,2024-06-10
NEUTRAL_BEARISH,0.03493719576077216,"{'equity': 0.21934154957805152, 'volatility': 0.0, 'credit': 0.004642046730485294, 'safe_haven': -0.028683772748569203, 'breadth': -0.3845819002535755}",3.4937195760772157,2024-06-11
NEUTRAL_BULLISH,0.05589695795740468,"{'equity': 0.282948918354274, 'volatility': 0.0, 'credit': -0.017076696760478516, 'safe_haven': -0.05449156732629079, 'breadth': -0.3154608901555189}",5.589695795740468,2024-06-12
NEUTRAL_BEARISH,0.03158600047112531,"{'equity': 0.2813055754693498, 'volatility': 0.0, 'credit': -0.06685969488431143, 'safe_haven': -0.07223762880186196, 'breadth': -0.42663367646005534}",3.1586000471125306,2024-06-13
NEUTRAL_BEARISH,0.009325755474242456,"{'equity': 0.34256722625511715, 'volatility': 0.0, 'credit': -0.17098545592483028, 'safe_haven': -0.12195534751303971, 'breadth': -0.5808238040312652}",0.9325755474242456,2024-06-14
NEUTRAL_BULLISH,0.07780076129907379,"{'equity': 0.4715984414814437, 'volatility': 0.0, 'credit': -0.10217528633870376, 'safe_haven': -0.09117722290454988, 'breadth': -0.5314705251600826}",7.780076129907379,2024-06-17
NEUTRAL_BULLISH,0.0798965729689833,"{'equity': 0.5336216317848294, 'volatility': 0.0, 'credit': -0.12631747550879702, 'safe_haven': -0.10805322566908221, 'breadth': -0.6539951920358522}",7.989657296898329,2024-06-18
NEUTRAL_BULLISH,0.07258706923482662,"{'equity': 0.5062183150851033, 'volatility': 0.0, 'credit': -0.09841046912153706, 'safe_haven': -0.12068943826616524, 'breadth': -0.6680383148072733}",7.258706923482662,2024-06-20
NEUTRAL_BEARISH,0.0458071216064518,"{'equity': 0.4472893453630322, 'volatility': 0.0, 'credit': -0.12025458878747841, 'safe_haven': -0.14846023494901855, 'breadth': -0.6442419627076101}",4.58071216064518,2024-06-21
NEUTRAL_BEARISH,0.00913533300567565,"{'equity': 0.3780613589080747, 'volatility': 0.0, 'credit': -0.19210610168927778, 'safe_haven': -0.20209955410948444, 'breadth': -0.5444998915787225}",0.913533300567565,2024-06-24
NEUTRAL_BEARISH,-0.0021987887947706314,"{'equity': 0.3389023305564246, 'volatility': 0.0, 'credit': -0.16748593370465858, 'safe_haven': -0.17214280301611568, 'breadth': -0.6149599729617017}",0.21987887947706314,2024-06-25
NEUTRAL_BEARISH,0.010376700705282862,"{'equity': 0.34050819823998824, 'volatility': 0.0, 'credit': -0.13333333575843653, 'safe_haven': -0.11077843341627036, 'breadth': -0.6551773651458515}",1.0376700705282862,2024-06-26
NEUTRAL_BEARISH,0.02018987952651552,"{'equity': 0.3652439747014391, 'volatility': 0.0, 'credit': -0.14160261387027084, 'safe_haven': -0.1491478083649045, 'breadth': -0.5695281759019832}",2.018987952651552,2024-06-27
NEUTRAL_BEARISH,0.03178398693011221,"{'equity': 0.3279809444959684, 'volatility': 0.0, 'credit': -0.08813890968630833, 'safe_haven': -0.08301513983210579, 'breadth': -0.5292929073139918}",3.178398693011221,2024-06-28
NEUTRAL_BEARISH,0.04075743899915643,"{'equity': 0.3718993444801163, 'volatility': 0.0, 'credit': -0.021902459107836503, 'safe_haven': -0.072587401924466, 'breadth': -0.7413872945864708}",4.0757438999156435,2024-07-01
NEUTRAL_BEARISH,0.025746883702713802,"{'equity': 0.3332807000432595, 'volatility': 0.0, 'credit': -0.03031777079895548, 'safe_haven': -0.06861094514948263, 'breadth': -0.7454616538021352}",2.5746883702713803,2024-07-02
NEUTRAL_BEARISH,0.011636656426433106,"{'equity': 0.35644178459159714, 'volatility': 0.0, 'credit': -0.06972918382792237, 'safe_haven': -0.13047103851629827, 'breadth': -0.7960147563759667}",1.1636656426433105,2024-07-03
NEUTRAL_BEARISH,-0.018378703835493712,"{'equity': 0.31815310873574776, 'volatility': 0.0, 'credit': -0.07565798474640673, 'safe_haven': -0.1492150030734546, 'breadth': -0.9221844448270589}",1.8378703835493713,2024-07-05
NEUTRAL_BEARISH,-0.0031803795382696343,"{'equity': 0.30965011815428767, 'volatility': 0.0, 'credit': -0.06238198257633609, 'safe_haven': -0.08995416654511701, 'breadth': -0.8558839939523555}",0.3180379538269634,2024-07-08
NEUTRAL_BEARISH,0.0009683631062223919,"{'equity': 0.31154280216965646, 'volatility': 0.0, 'credit': -0.07207505009532378, 'safe_haven': -0.07707748888806765, 'breadth': -0.8209498430088247}",0.09683631062223919,2024-07-09
NEUTRAL_BEARISH,0.01593736861424705,"{'equity': 0.364913146790223, 'volatility': 0.0, 'credit': -0.07307262843972984, 'safe_haven': -0.09431987121257812, 'breadth': -0.8301972639249833}",1.593736861424705,2024-07-10
NEUTRAL_BEARISH,0.04797597816225005,"{'equity': 0.36752163628834966, 'volatility': 0.0, 'credit': -0.0912543715425218, 'safe_haven': -0.1639168258334306, 'breadth': -0.3781819635515338}",4.797597816225005,2024-07-11
NEUTRAL_BULLISH,0.05738803698002165,"{'equity': 0.4016213037097838, 'volatility': 0.0, 'credit': -0.09633699242986404, 'safe_haven': -0.19570033096107275, 'breadth': -0.3455697118826895}",5.738803698002165,2024-07-12
NEUTRAL_BULLISH,0.0962881609149131,"{'equity': 0.35410439695032025, 'volatility': 0.0, 'credit': 0.014428154431243012, 'safe_haven': -0.08294420855298967, 'breadth': -0.18092377620999134}",9.62881609149131,2024-07-15
NEUTRAL_BULLISH,0.13190716118048143,"{'equity': 0.42192517932912643, 'volatility': 0.0, 'credit': -0.03063073076315259, 'safe_haven': -0.1448236673400105, 'breadth': 0.12083044668919296}",13.190716118048144,2024-07-16
NEUTRAL_BULLISH,0.09978755982169954,"{'equity': 0.3242000118221259, 'volatility': 0.0, 'credit': -0.04709178490997834, 'safe_haven': -0.13352581772390015, 'breadth': 0.1576478532453618}",9.978755982169954,2024-07-17
NEUTRAL_BULLISH,0.07746337576535152,"{'equity': 0.26772043420924246, 'volatility': 0.0, 'credit': -0.023834260437991528, 'safe_haven': -0.0974930585695144, 'breadth': 0.03152034665142134}",7.746337576535152,2024-07-18
NEUTRAL_BULLISH,0.07234719532492344,"{'equity': 0.21351320983979666, 'volatility': 0.0, 'credit': -0.0041115764485244455, 'safe_haven': -0.03472593886506059, 'breadth': 0.03648778000458597}",7.234719532492344,2024-07-19
NEUTRAL_BULLISH,0.14490498535433732,"{'equity': 0.34999847342593726, 'volatility': 0.0, 'credit': 0.06299801443525821, 'safe_haven': -0.12951853424831683, 'breadth': 0.29233696905455187}",14.490498535433732,2024-07-22
NEUTRAL_BULLISH,0.140513325445425,"{'equity': 0.31202976581339675, 'volatility': 0.0, 'credit': 0.06352658607684081, 'safe_haven': -0.12502734343549038, 'breadth': 0.37351691710691526}",14.0513325445425,2024-07-23
NEUTRAL_BULLISH,0.10284891460788645,"{'equity': 0.17066534947445217, 'volatility': 0.0, 'credit': 0.09292156578635691, 'safe_haven': -0.0884575660776532, 'breadth': 0.37800364046204793}",10.284891460788645,2024-07-24
NEUTRAL_BULLISH,0.1146694082408137,"{'equity': 0.16526053504071808, 'volatility': 0.0, 'credit': 0.05373878089995676, 'safe_haven': -0.0689348581533733, 'breadth': 0.5642069351957701}",11.46694082408137,2024-07-25
NEUTRAL_BULLISH,0.13239657021625437,"{'equity': 0.23113031400454842, 'volatility': 0.0, 'credit': 0.02999500117308429, 'safe_haven': -0.11539311984685996, 'breadth': 0.6281092805707456}",13.239657021625437,2024-07-26
NEUTRAL_BULLISH,0.11070989434579556,"{'equity': 0.2740137666098186, 'volatility': 0.0, 'credit': -0.02409884840683496, 'safe_haven': -0.16204982725173178, 'breadth': 0.4393231980148582}",11.070989434579555,2024-07-29
NEUTRAL_BULLISH,0.09803192572536797,"{'equity': 0.22077715341705034, 'volatility': 0.0, 'credit': -0.018019979651480167, 'safe_haven': -0.19495331694148632, 'breadth': 0.5360691550091934}",9.803192572536796,2024-07-30
NEUTRAL_BULLISH,0.10298804923480462,"{'equity': 0.30933580051457593, 'volatility': 0.0, 'credit': -0.04072545944659112, 'safe_haven': -0.26845770007144054, 'breadth': 0.4313426595473735}",10.298804923480462,2024-07-31
NEUTRAL_BEARISH,0.02480177934088923,"{'equity': 0.1832154968862158, 'volatility': 0.0, 'credit': -0.09747613721946102, 'safe_haven': -0.28215160094818115, 'breadth': 0.22494323016833073}",2.480177934088923,2024-08-01
BEAR_WEAK,-0.05478888380973021,"{'equity': 0.04790483942129942, 'volatility': 0.0, 'credit': -0.1927989133738106, 'safe_haven': -0.29327003838218957, 'breadth': 0.10994710824905551}",5.478888380973021,2024-08-02
BEAR_WEAK,-0.0932946248843994,"{'equity': -0.15364382557823722, 'volatility': 0.0, 'credit': -0.1718331037814158, 'safe_haven': -0.20196948922949876, 'breadth': 0.25142758208691607}",9.329462488439939,2024-08-05
BEAR_WEAK,-0.05719079146223616,"{'equity': -0.08235731273138203, 'volatility': 0.0, 'credit': -0.13295155088987043, 'safe_haven': -0.2638042870668206, 'breadth': 0.37795221231744724}",5.719079146223615,2024-08-06
BEAR_WEAK,-0.06313317631284471,"{'equity': -0.13055106664489077, 'volatility': 0.0, 'credit': -0.06615577483181978, 'safe_haven': -0.2433323707531132, 'breadth': 0.32290707592197987}",6.3133176312844705,2024-08-07
NEUTRAL_BEARISH,-0.013215625754906748,"{'equity': -0.004266369362957804, 'volatility': 0.0, 'credit': -0.02880820319644206, 'safe_haven': -0.2679853826085826, 'breadth': 0.3423705155270429}",1.3215625754906748,2024-08-08
NEUTRAL_BEARISH,-0.042890366278711047,"{'equity': -0.009609046297506993, 'volatility': 0.0, 'credit': -0.11346418264090996, 'safe_haven': -0.2939973597930867, 'breadth': 0.272652404225614}",4.289036627871105,2024-08-09
NEUTRAL_BEARISH,-0.04926278614880017,"{'equity': -0.08704886542889367, 'volatility': 0.0, 'credit': -0.025549728721794285, 'safe_haven': -0.2707318680098464, 'breadth': 0.2692404269714843}",4.926278614880017,2024-08-12
NEUTRAL_BEARISH,0.01889604746968962,"{'equity': 0.025375410417695088, 'volatility': 0.0, 'credit': -0.0016826786913570757, 'safe_haven': -0.22857179533495808, 'breadth': 0.44636958862011467}",1.889604746968962,2024-08-13
NEUTRAL_BEARISH,0.0028573520150864846,"{'equity': 0.02034694753455283, 'volatility': 0.0, 'credit': -0.028823067048475703, 'safe_haven': -0.22323094145140054, 'breadth': 0.34985175005398217}",0.28573520150864845,2024-08-14
NEUTRAL_BULLISH,0.06270300536284944,"{'equity': 0.1347329081835428, 'volatility': 0.0, 'credit': 0.01192722033649174, 'safe_haven': -0.21046081037136288, 'breadth': 0.4473016498701554}",6.270300536284943,2024-08-15
NEUTRAL_BEARISH,0.022344478767161405,"{'equity': 0.0970076054203182, 'volatility': 0.0, 'credit': -0.04141741990135284, 'safe_haven': -0.3183722447765741, 'breadth': 0.4443113756680672}",2.2344478767161404,2024-08-16
NEUTRAL_BULLISH,0.05741493096191252,"{'equity': 0.17344195153641717, 'volatility': 0.0, 'credit': -0.06060588931483313, 'safe_haven': -0.27569028793467343, 'breadth': 0.5018496897733415}",5.741493096191252,2024-08-19
NEUTRAL_BEARISH,0.014274067712536115,"{'equity': 0.14901430795660087, 'volatility': 0.0, 'credit': -0.10588396222536156, 'safe_haven': -0.34824128759291806, 'breadth': 0.3553204551173583}",1.4274067712536116,2024-08-20
NEUTRAL_BEARISH,0.03776546257749172,"{'equity': 0.1857213183374355, 'volatility': 0.0, 'credit': -0.10566376546073064, 'safe_haven': -0.3462402295608502, 'breadth': 0.45831788685662955}",3.776546257749172,2024-08-21
NEUTRAL_BEARISH,0.0315570411697457,"{'equity': 0.1298529482748001, 'volatility': 0.0, 'credit': -0.07587539427934109, 'safe_haven': -0.2876359087577468, 'breadth': 0.44428974443095903}",3.1557041169745697,2024-08-22
NEUTRAL_BULLISH,0.0842984749425186,"{'equity': 0.23948190482145987, 'volatility': 0.0, 'credit': -0.0592946982456688, 'safe_haven': -0.3143615506555608, 'breadth': 0.5949298050247553}",8.42984749425186,2024-08-23
NEUTRAL_BULLISH,0.05132801587476551,"{'equity': 0.17397687560079295, 'volatility': 0.0, 'credit': -0.11047779752188625, 'safe_haven': -0.347257744769906, 'breadth': 0.6462033063435113}",5.132801587476551,2024-08-26
NEUTRAL_BEARISH,0.020119871468777743,"{'equity': 0.17513015359793993, 'volatility': 0.0, 'credit': -0.13737400817607437, 'safe_haven': -0.399732817513504, 'breadth': 0.46259041971739245}",2.0119871468777744,2024-08-27
NEUTRAL_BEARISH,0.01110998392662213,"{'equity': 0.13416932424588524, 'volatility': 0.0, 'credit': -0.12098836918813971, 'safe_haven': -0.3773740376779916, 'breadth': 0.4495449992988898}",1.110998392662213,2024-08-28
NEUTRAL_BEARISH,0.02721983747038703,"{'equity': 0.1446547075263882, 'volatility': 0.0, 'credit': -0.092643427261756, 'safe_haven': -0.38255361239798447, 'breadth': 0.5250241714820003}",2.721983747038703,2024-08-29
NEUTRAL_BEARISH,0.047151415564048046,"{'equity': 0.19299605476444753, 'volatility': 0.0, 'credit': -0.12263119273794532, 'safe_haven': -0.3742117342659418, 'breadth': 0.6026079508397175}",4.715141556404805,2024-08-30
NEUTRAL_BEARISH,0.002735519492422715,"{'equity': -0.019528915770731608, 'volatility': 0.0, 'credit': -0.08823463441335333, 'safe_haven': -0.26351784169094117, 'breadth': 0.6674524314849062}",0.2735519492422715,2024-09-03
NEUTRAL_BEARISH,-0.011327976593732247,"{'equity': -0.029942566678982097, 'volatility': 0.0, 'credit': -0.114673652370334, 'safe_haven': -0.299358671455191, 'breadth': 0.6699045293625694}",1.1327976593732247,2024-09-04
NEUTRAL_BEARISH,-0.026915199453271366,"{'equity': -0.04131961325216926, 'volatility': 0.0, 'credit': -0.13068038384084435, 'safe_haven': -0.33631071686882785, 'breadth': 0.6412934948348092}",2.6915199453271366,2024-09-05
BEAR_WEAK,-0.08087671672786367,"{'equity': -0.16151093529190902, 'volatility': 0.0, 'credit': -0.13736878325795177, 'safe_haven': -0.3435108841330031, 'breadth': 0.5465249989584531}",8.087671672786367,2024-09-06
BEAR_WEAK,-0.12063502545779514,"{'equity': -0.17451288961031447, 'volatility': 0.0, 'credit': -0.12340154097620015, 'safe_haven': -0.2835259548600988, 'breadth': 0.0765368733006977}",12.063502545779514,2024-09-09
BEAR_WEAK,-0.1476877727933794,"{'equity': -0.19289726612308267, 'volatility': 0.0, 'credit': -0.15965380047146205, 'safe_haven': -0.3038805336485234, 'breadth': -0.02660889508729558}",14.768777279337941,2024-09-10
BEAR_WEAK,-0.1324741239442151,"{'equity': -0.13782395956466983, 'volatility': 0.0, 'credit': -0.1487222893074147, 'safe_haven': -0.2975911568969597, 'breadth': -0.09852606700553768}",13.24741239442151,2024-09-11
BEAR_WEAK,-0.11118643814096357,"{'equity': -0.0873960084229064, 'volatility': 0.0, 'credit': -0.1270944571035515, 'safe_haven': -0.33071786980238493, 'breadth': -0.05571263301878293}",11.118643814096357,2024-09-12
BEAR_WEAK,-0.12347939904547398,"{'equity': -0.07124272481668266, 'volatility': 0.0, 'credit': -0.18993754966938337, 'safe_haven': -0.3869641010319874, 'breadth': -0.025123202709602666}",12.347939904547397,2024-09-13
BEAR_WEAK,-0.11269395859431552,"{'equity': 0.006375551977745864, 'volatility': 0.0, 'credit': -0.19668009841549594, 'safe_haven': -0.37072908482365274, 'breadth': -0.19980019379879477}",11.269395859431553,2024-09-16
BEAR_WEAK,-0.10030332007728848,"{'equity': 0.056361306322547655, 'volatility': 0.0, 'credit': -0.22592954767703066, 'safe_haven': -0.4069922555177774, 'breadth': -0.1379502942710742}",10.030332007728848,2024-09-17
BEAR_WEAK,-0.08253807013336614,"{'equity': 0.04440961957810796, 'volatility': 0.0, 'credit': -0.17318407006381875, 'safe_haven': -0.3525057923125319, 'breadth': -0.10568754126060398}",8.253807013336614,2024-09-18
NEUTRAL_BEARISH,-0.04266340200712869,"{'equity': 0.15003780995709573, 'volatility': 0.0, 'credit': -0.15138754857333403, 'safe_haven': -0.3848354360511985, 'breadth': -0.0717381036976561}",4.266340200712869,2024-09-19
BEAR_WEAK,-0.10296258752824991,"{'equity': 0.056202741700652384, 'volatility': 0.0, 'credit': -0.19208795775012, 'safe_haven': -0.4157614095902329, 'breadth': -0.21851744134919304}",10.296258752824992,2024-09-20
BEAR_WEAK,-0.10153292581452232,"{'equity': 0.19616444392473492, 'volatility': 0.0, 'credit': -0.1963344345904683, 'safe_haven': -0.4698660047495784, 'breadth': -0.6044369355764911}",10.153292581452233,2024-09-23
BEAR_WEAK,-0.12080618616748057,"{'equity': 0.14771492351517312, 'volatility': 0.0, 'credit': -0.18740851770449485, 'safe_haven': -0.4579336039693538, 'breadth': -0.6633466526148912}",12.080618616748056,2024-09-24
BEAR_WEAK,-0.12430573436781828,"{'equity': 0.12541997684668701, 'volatility': 0.0, 'credit': -0.1368834659874385, 'safe_haven': -0.4318897170037006, 'breadth': -0.7604257551611593}",12.430573436781827,2024-09-25
BEAR_WEAK,-0.11291912210515623,"{'equity': 0.15416977742446936, 'volatility': 0.0, 'credit': -0.12010927243905067, 'safe_haven': -0.4522776864322253, 'breadth': -0.7501503675107657}",11.291912210515623,2024-09-26
BEAR_WEAK,-0.0827462248215034,"{'equity': 0.16676004691081864, 'volatility': 0.0, 'credit': -0.10457070044384231, 'safe_haven': -0.4335110384643859, 'breadth': -0.5517144538186358}",8.27462248215034,2024-09-27
NEUTRAL_BEARISH,0.0074544226883173775,"{'equity': 0.24424875452185674, 'volatility': 0.0, 'credit': -0.002957595008432623, 'safe_haven': -0.273012117056165, 'breadth': -0.3648930483422119}",0.7454422688317377,2024-09-30
NEUTRAL_BULLISH,0.06597179645930742,"{'equity': 0.31795201179850163, 'volatility': 0.0, 'credit': 0.07736012065959974, 'safe_haven': -0.24650084551452622, 'breadth': -0.23808304974909156}",6.597179645930742,2024-10-01
NEUTRAL_BULLISH,0.07230508874413931,"{'equity': 0.3188327015338118, 'volatility': 0.0, 'credit': 0.10142687747320522, 'safe_haven': -0.22580524278015823, 'breadth': -0.2570094587031213}",7.230508874413931,2024-10-02
NEUTRAL_BULLISH,0.07372523720752482,"{'equity': 0.3025441481149042, 'volatility': 0.0, 'credit': 0.14322418383694524, 'safe_haven': -0.20036401081005184, 'breadth': -0.3075544977857292}",7.372523720752482,2024-10-03
NEUTRAL_BULLISH,0.1800571038999606,"{'equity': 0.5321409415630266, 'volatility': 0.0, 'credit': 0.22560978870407755, 'safe_haven': -0.1865270569347388, 'breadth': -0.23335124847703392}",18.00571038999606,2024-10-04
NEUTRAL_BULLISH,0.07146172234628101,"{'equity': 0.3421361320426789, 'volatility': 0.0, 'credit': 0.023589272398842898, 'safe_haven': -0.22829674733649608, 'breadth': -0.18759266247950768}",7.146172234628101,2024-10-07
NEUTRAL_BULLISH,0.09856278275231439,"{'equity': 0.37335194827313656, 'volatility': 0.0, 'credit': 0.08157925287439971, 'safe_haven': -0.18131999949460909, 'breadth': -0.21228249793971976}",9.856278275231439,2024-10-08
NEUTRAL_BULLISH,0.11120377459817088,"{'equity': 0.4039584790504088, 'volatility': 0.0, 'credit': 0.09530707627669388, 'safe_haven': -0.1525086688443794, 'breadth': -0.2636680799815405}",11.120377459817089,2024-10-09
NEUTRAL_BULLISH,0.10162051561761964,"{'equity': 0.3889144334778938, 'volatility': 0.0, 'credit': 0.10114219135370917, 'safe_haven': -0.1625424918423768, 'breadth': -0.30346600594028494}",10.162051561761965,2024-10-10
NEUTRAL_BULLISH,0.16223943298873256,"{'equity': 0.44972018044745377, 'volatility': 0.0, 'credit': 0.1448575854555756, 'safe_haven': -0.12717456673721123, 'breadth': -0.050579622484097086}",16.223943298873255,2024-10-11
NEUTRAL_BULLISH,0.10326915889559224,"{'equity': 0.27437070345450804, 'volatility': 0.0, 'credit': 0.1586515401398314, 'safe_haven': -0.13002740994391415, 'breadth': -0.04986783849864729}",10.326915889559224,2024-10-14
NEUTRAL_BULLISH,0.08920720701118118,"{'equity': 0.22790015861122653, 'volatility': 0.0, 'credit': 0.10462517962911866, 'safe_haven': -0.10102251690837422, 'breadth': 0.03670493107684303}",8.920720701118118,2024-10-15
NEUTRAL_BULLISH,0.10851346321772098,"{'equity': 0.264580298297038, 'volatility': 0.0, 'credit': 0.0908481651403159, 'safe_haven': -0.12460670563722243, 'breadth': 0.16431731631277868}",10.851346321772098,2024-10-16
NEUTRAL_BULLISH,0.1196817913861213,"{'equity': 0.2610482105138597, 'volatility': 0.0, 'credit': 0.15067081787722758, 'safe_haven': -0.10156227655566868, 'breadth': 0.134150956141752}",11.968179138612129,2024-10-17
NEUTRAL_BULLISH,0.09936307441749483,"{'equity': 0.21475203229467538, 'volatility': 0.0, 'credit': 0.1933633753285191, 'safe_haven': -0.12511880140555376, 'breadth': 0.04295008259487698}",9.936307441749483,2024-10-18
NEUTRAL_BULLISH,0.10842014024819957,"{'equity': 0.23470044572920568, 'volatility': 0.0, 'credit': 0.26040014897242614, 'safe_haven': -0.11230060880423887, 'breadth': -0.08959954230871814}",10.842014024819957,2024-10-21
NEUTRAL_BULLISH,0.050403937787994,"{'equity': 0.13833304646000744, 'volatility': 0.0, 'credit': 0.2500499574354864, 'safe_haven': -0.09708520669760884, 'breadth': -0.3345983895546456}",5.0403937787994,2024-10-22
NEUTRAL_BEARISH,0.037001227970436104,"{'equity': 0.08072689483998288, 'volatility': 0.0, 'credit': 0.25275426229460773, 'safe_haven': -0.057719686034506945, 'breadth': -0.3314608477730341}",3.7001227970436106,2024-10-23
NEUTRAL_BEARISH,0.038890994667285184,"{'equity': 0.1018559974581005, 'volatility': 0.0, 'credit': 0.25236567041414193, 'safe_haven': -0.09360433841968246, 'breadth': -0.3319108776292601}",3.8890994667285184,2024-10-24
NEUTRAL_BEARISH,0.0468967474225444,"{'equity': 0.1258661210288344, 'volatility': 0.0, 'credit': 0.2736374836370081, 'safe_haven': -0.08323438331465455, 'breadth': -0.3939873416775108}",4.689674742254439,2024-10-25
NEUTRAL_BULLISH,0.08207012444830149,"{'equity': 0.1960776967900228, 'volatility': 0.0, 'credit': 0.2508100876004049, 'safe_haven': -0.08944701791918752, 'breadth': -0.23302034260409332}",8.207012444830148,2024-10-28
NEUTRAL_BULLISH,0.0501794532473377,"{'equity': 0.1631257675726394, 'volatility': 0.0, 'credit': 0.2128119281285401, 'safe_haven': -0.16799658189864536, 'breadth': -0.24277463743997307}",5.01794532473377,2024-10-29
NEUTRAL_BEARISH,0.0403123409982995,"{'equity': 0.14237993246101865, 'volatility': 0.0, 'credit': 0.20767257745844647, 'safe_haven': -0.19027820392218953, 'breadth': -0.22513420266417894}",4.03123409982995,2024-10-30
NEUTRAL_BEARISH,0.011077166900211733,"{'equity': 0.03678555371111688, 'volatility': 0.0, 'credit': 0.199602902082211, 'safe_haven': -0.1510621903390194, 'breadth': -0.1905902876426846}",1.1077166900211732,2024-10-31
NEUTRAL_BEARISH,0.040225354472715885,"{'equity': 0.06571955993183054, 'volatility': 0.0, 'credit': 0.2543271943724046, 'safe_haven': -0.10583159585874358, 'breadth': -0.17767190999094185}",4.022535447271588,2024-11-01
NEUTRAL_BULLISH,0.1371438010626203,"{'equity': 0.22936938321656997, 'volatility': 0.0, 'credit': 0.3126747405402741, 'safe_haven': -0.051894692762940176, 'breadth': 0.021137727432070097}",13.71438010626203,2024-11-04
NEUTRAL_BULLISH,0.20513904918911674,"{'equity': 0.41881339940683515, 'volatility': 0.0, 'credit': 0.3024951445348467, 'safe_haven': -0.09098166774982624, 'breadth': 0.11702580652229067}",20.513904918911674,2024-11-05
BULL_WEAK,0.35688922677389595,"{'equity': 0.6174035429604511, 'volatility': 0.0, 'credit': 0.4225805962849938, 'safe_haven': 0.05668833204826501, 'breadth': 0.47778617673499557}",35.6889226773896,2024-11-06
BULL_WEAK,0.3323144655593685,"{'equity': 0.6543941885355475, 'volatility': 0.0, 'credit': 0.3511958958110706, 'safe_haven': -0.01469211367884693, 'breadth': 0.35241137461539784}",33.23144655593685,2024-11-07
BULL_WEAK,0.33350591569152177,"{'equity': 0.628503414912273, 'volatility': 0.0, 'credit': 0.33119922305318017, 'safe_haven': -0.0043820776501615755, 'breadth': 0.4794718750911442}",33.35059156915218,2024-11-08
BULL_WEAK,0.3407031463109471,"{'equity': 0.5128262774824847, 'volatility': 0.0, 'credit': 0.35263933881768517, 'safe_haven': 0.12555021875977845, 'breadth': 0.7185354861457371}",34.07031463109471,2024-11-11
BULL_WEAK,0.28882183484793306,"{'equity': 0.4079561743211527, 'volatility': 0.0, 'credit': 0.4023761277211346, 'safe_haven': 0.21346636012781195, 'breadth': 0.33541994272130893}",28.882183484793305,2024-11-12
BULL_WEAK,0.28541466581822306,"{'equity': 0.38837638136630326, 'volatility': 0.0, 'credit': 0.4413900326843445, 'safe_haven': 0.2603683597268838, 'breadth': 0.22149671844115426}",28.541466581822306,2024-11-13
BULL_WEAK,0.2559092517843725,"{'equity': 0.34000453950677667, 'volatility': 0.0, 'credit': 0.4224978884993813, 'safe_haven': 0.25382994505244644, 'breadth': 0.14333593499257447}",25.590925178437253,2024-11-14
NEUTRAL_BULLISH,0.22556249780808035,"{'equity': 0.24700673234226606, 'volatility': 0.0, 'credit': 0.433958951785377, 'safe_haven': 0.28453503867385044, 'breadth': 0.09638095330134266}",22.556249780808034,2024-11-15
NEUTRAL_BULLISH,0.14917807228313995,"{'equity': 0.15797540205810479, 'volatility': 0.0, 'credit': 0.36336598005960896, 'safe_haven': 0.19207026418678302, 'breadth': -0.07597054077135956}",14.917807228313995,2024-11-18
NEUTRAL_BULLISH,0.17842225911522377,"{'equity': 0.21380311584823675, 'volatility': 0.0, 'credit': 0.3540828741624902, 'safe_haven': 0.18090601035281983, 'breadth': 0.05638692182919902}",17.842225911522377,2024-11-19
NEUTRAL_BULLISH,0.18317435098710583,"{'equity': 0.21565077584814407, 'volatility': 0.0, 'credit': 0.37464752361782816, 'safe_haven': 0.17414566268218912, 'breadth': 0.06645225314361403}",18.317435098710583,2024-11-20
NEUTRAL_BULLISH,0.2083822560558496,"{'equity': 0.25770276236488826, 'volatility': 0.0, 'credit': 0.38996637118691835, 'safe_haven': 0.154871200638384, 'breadth': 0.16962334894997433}",20.83822560558496,2024-11-21
NEUTRAL_BULLISH,0.23846131011540925,"{'equity': 0.29621650340560485, 'volatility': 0.0, 'credit': 0.3837079576347968, 'safe_haven': 0.12087419572074709, 'breadth': 0.39912813038376127}",23.846131011540926,2024-11-22
NEUTRAL_BULLISH,0.2480240406035384,"{'equity': 0.31111647664085806, 'volatility': 0.0, 'credit': 0.25371154516878325, 'safe_haven': 0.16579053940769722, 'breadth': 0.6352238383432685}",24.80240406035384,2024-11-25
NEUTRAL_BULLISH,0.2307340346443545,"{'equity': 0.31583110946345805, 'volatility': 0.0, 'credit': 0.2736773277286053, 'safe_haven': 0.1628658359737653, 'breadth': 0.4102780539035833}",23.07340346443545,2024-11-26
NEUTRAL_BULLISH,0.22526704568447506,"{'equity': 0.2992888070955528, 'volatility': 0.0, 'credit': 0.2682657024224999, 'safe_haven': 0.14101668905117853, 'breadth': 0.45710319358854834}",22.526704568447506,2024-11-27
NEUTRAL_BULLISH,0.20709411514200365,"{'equity': 0.3159272154584214, 'volatility': 0.0, 'credit': 0.21105648869842009, 'safe_haven': 0.06337897999549591, 'breadth': 0.4480144499254779}",20.709411514200365,2024-11-29
BULL_WEAK,0.2502011188047054,"{'equity': 0.4193035587576025, 'volatility': 0.0, 'credit': 0.18104780792978614, 'safe_haven': 0.07840864315392743, 'breadth': 0.5547401518049822}",25.02011188047054,2024-12-02
NEUTRAL_BULLISH,0.2073346380882228,"{'equity': 0.3498262740920085, 'volatility': 0.0, 'credit': 0.17346765753962212, 'safe_haven': 0.05937044793967422, 'breadth': 0.4129634345714428}",20.73346380882228,2024-12-03
NEUTRAL_BULLISH,0.20863353625263562,"{'equity': 0.38912908356779774, 'volatility': 0.0, 'credit': 0.1497061369497421, 'safe_haven': 0.02547559100072594, 'breadth': 0.386757909638491}",20.86335362526356,2024-12-04
NEUTRAL_BULLISH,0.18810934326586853,"{'equity': 0.35989068608542374, 'volatility': 0.0, 'credit': 0.14353896141429012, 'safe_haven': 0.038939602083261915, 'breadth': 0.27598870540622933}",18.810934326586853,2024-12-05
NEUTRAL_BULLISH,0.20787041153940433,"{'equity': 0.4356713199507526, 'volatility': 0.0, 'credit': 0.12957046367874314, 'safe_haven': 0.007026832450623688, 'breadth': 0.28417331953298763}",20.787041153940432,2024-12-06
NEUTRAL_BULLISH,0.18655650258119966,"{'equity': 0.34386438403312203, 'volatility': 0.0, 'credit': 0.11858865722109035, 'safe_haven': -0.02831184161842526, 'breadth': 0.4673301296815269}",18.655650258119966,2024-12-09
NEUTRAL_BULLISH,0.14326454831670987,"{'equity': 0.27509802828761476, 'volatility': 0.0, 'credit': 0.11050623836304618, 'safe_haven': -0.03226464284425301, 'breadth': 0.2971868717007342}",14.326454831670986,2024-12-10
NEUTRAL_BULLISH,0.16447768406502344,"{'equity': 0.3280434071803521, 'volatility': 0.0, 'credit': 0.14031143135794344, 'safe_haven': -0.032761381962781444, 'breadth': 0.2651441257472875}",16.447768406502345,2024-12-11
NEUTRAL_BULLISH,0.15639251342143495,"{'equity': 0.2842131879272443, 'volatility': 0.0, 'credit': 0.1687389635992398, 'safe_haven': 0.03480511781372014, 'breadth': 0.1794933725499348}",15.639251342143496,2024-12-12
NEUTRAL_BULLISH,0.14822427472237298,"{'equity': 0.24350731271106357, 'volatility': 0.0, 'credit': 0.19082732039343409, 'safe_haven': 0.08798749002829953, 'breadth': 0.11633127690569012}",14.822427472237298,2024-12-13
NEUTRAL_BULLISH,0.15367186342905392,"{'equity': 0.2904569808203894, 'volatility': 0.0, 'credit': 0.20247645484815835, 'safe_haven': 0.11126581281370757, 'breadth': -0.05173242749770157}",15.367186342905391,2024-12-16
NEUTRAL_BULLISH,0.12780772502267673,"{'equity': 0.24057177068505742, 'volatility': 0.0, 'credit': 0.1444329223271601, 'safe_haven': 0.1423988742581983, 'breadth': -0.06638810321255129}",12.780772502267673,2024-12-17
NEUTRAL_BULLISH,0.06130869491218999,"{'equity': 0.04828736691267803, 'volatility': 0.0, 'credit': 0.16403175990394314, 'safe_haven': 0.2193539950105436, 'breadth': -0.21301334739617483}",6.1308694912189985,2024-12-18
NEUTRAL_BULLISH,0.06532205781943655,"{'equity': 0.032761912852125596, 'volatility': 0.0, 'credit': 0.20678771034522536, 'safe_haven': 0.2523131246035157, 'breadth': -0.25349122438379834}",6.532205781943655,2024-12-19
NEUTRAL_BULLISH,0.08374833676218393,"{'equity': 0.10893320057813813, 'volatility': 0.0, 'credit': 0.1703752092676969, 'safe_haven': 0.17122896537198784, 'breadth': -0.14137670099501953}",8.374833676218394,2024-12-20
NEUTRAL_BULLISH,0.11274799946196873,"{'equity': 0.17429621867546968, 'volatility': 0.0, 'credit': 0.18278840224546178, 'safe_haven': 0.230877223577646, 'breadth': -0.19444941060184906}",11.274799946196874,2024-12-23
NEUTRAL_BULLISH,0.12698518555841143,"{'equity': 0.22864380972732762, 'volatility': 0.0, 'credit': 0.17098443529587004, 'safe_haven': 0.2074179108362123, 'breadth': -0.1834972153075909}",12.698518555841144,2024-12-24
NEUTRAL_BULLISH,0.14420883825770672,"{'equity': 0.24503431917044294, 'volatility': 0.0, 'credit': 0.18733783295448725, 'safe_haven': 0.19270267634606097, 'breadth': -0.07926141494754901}",14.420883825770673,2024-12-26
NEUTRAL_BULLISH,0.09113628060400827,"{'equity': 0.14506614026163378, 'volatility': 0.0, 'credit': 0.1609595932736585, 'safe_haven': 0.22252445798193576, 'breadth': -0.25207455839585613}",9.113628060400828,2024-12-27
NEUTRAL_BULLISH,0.11450258979498874,"{'equity': 0.20281844335136134, 'volatility': 0.0, 'credit': 0.15467239352191853, 'safe_haven': 0.22718550608828963, 'breadth': -0.21496169995614878}",11.450258979498875,2024-12-30
NEUTRAL_BULLISH,0.08794862439765122,"{'equity': 0.15391482683797789, 'volatility': 0.0, 'credit': 0.12321067819589415, 'safe_haven': 0.18127039513540916, 'breadth': -0.17754259905131242}",8.794862439765122,2024-12-31
