date,ticker,action,price,shares,value,reason,entry_date,entry_price,exit_price,cost,proceeds,pl,pl_pct,hold_days
2024-01-02,AMD,BUY,148.11984189665063,23,3406.7563636229643,NEW_CANDIDATE,,,,,,,,
2024-01-02,MMM,BUY,87.17745382029109,40,3487.0981528116436,NEW_CANDIDATE,,,,,,,,
2024-01-02,AES,BUY,17.579691222041404,200,3515.9382444082808,NEW_CANDIDATE,,,,,,,,
2024-01-02,ABBV,BUY,144.52010538924065,24,3468.4825293417757,NEW_CANDIDATE,,,,,,,,
2024-01-02,AOS,BUY,80.82977992670008,44,3556.510316774804,NEW_CANDIDATE,,,,,,,,
2024-01-02,A,BUY,136.47699086861059,25,3411.924771715265,NEW_CANDIDATE,,,,,,,,
2024-01-03,AMD,SELL,,23,,STOP_LOSS,2024-01-02,148.11984189665063,142.08885803222657,3406.7563636229643,3268.043734741211,-138.71262888175306,-4.071692075280579,1.0
2024-01-03,ABBV,SELL,,24,,TAKE_PROFIT,2024-01-02,144.52010538924065,158.41463143484933,3468.4825293417757,3801.951154436384,333.46862509460834,9.61425125465146,1.0
2024-01-03,A,SELL,,25,,STOP_LOSS,2024-01-02,136.47699086861059,132.7799091884068,3411.924771715265,3319.49772971017,-92.42704200509479,-2.708941380282229,1.0
2024-01-04,AMD,BUY,133.95712329047018,25,3348.9280822617543,NEW_CANDIDATE,,,,,,,,
2024-01-04,ABT,BUY,104.90079978013608,33,3461.7263927444906,NEW_CANDIDATE,,,,,,,,
2024-01-04,ABBV,BUY,147.24723698168586,23,3386.686450578775,NEW_CANDIDATE,,,,,,,,
2024-01-05,AMD,SELL,,25,,TAKE_PROFIT,2024-01-04,133.95712329047018,140.644582257952,3348.9280822617543,3516.1145564488,167.18647418704586,4.992238414213233,1.0
2024-01-08,ABT,SELL,,33,,TAKE_PROFIT,2024-01-04,104.90079978013608,111.14410073416572,3461.7263927444906,3667.755324227469,206.02893148297835,5.951623788488859,4.0
2024-01-08,AMD,BUY,140.08075743415827,25,3502.018935853957,NEW_CANDIDATE,,,,,,,,
2024-01-09,AMD,SELL,,25,,TAKE_PROFIT,2024-01-08,140.08075743415827,143.8531463623047,3502.018935853957,3596.3286590576176,94.30972320366072,2.6930100873558978,1.0
2024-01-09,ABT,BUY,109.10530333136386,32,3491.3697066036434,NEW_CANDIDATE,,,,,,,,
2024-01-10,ABBV,SELL,,23,,TAKE_PROFIT,2024-01-04,147.24723698168586,163.72821960449218,3386.686450578775,3765.74905090332,379.0626003245452,11.192727932040018,6.0
2024-01-10,AMD,BUY,152.22922879230214,23,3501.2722622229494,NEW_CANDIDATE,,,,,,,,
2024-01-11,ADBE,BUY,584.4645964144117,5,2922.322982072059,NEW_CANDIDATE,,,,,,,,
2024-01-12,ABT,SELL,,32,,TAKE_PROFIT,2024-01-09,109.10530333136386,114.1073767525809,3491.3697066036434,3651.436056082589,160.06634947894554,4.584629040464921,3.0
2024-01-16,AMD,SELL,,23,,TAKE_PROFIT,2024-01-10,152.22922879230214,155.18199550083705,3501.2722622229494,3569.1858965192523,67.91363429630292,1.9396844692444657,6.0
2024-01-16,ACN,BUY,348.14065406879644,10,3481.4065406879645,NEW_CANDIDATE,,,,,,,,
2024-01-17,AMD,BUY,156.3114280208981,22,3438.851416459758,NEW_CANDIDATE,,,,,,,,
2024-01-18,AMD,SELL,,22,,TAKE_PROFIT,2024-01-17,156.3114280208981,165.6254368373326,3438.851416459758,3643.759610421317,204.90819396155894,5.958623073412942,1.0
2024-01-19,ADBE,SELL,,5,,TAKE_PROFIT,2024-01-11,584.4645964144117,602.7505946568081,2922.322982072059,3013.7529732840403,91.42999121198136,3.128675090771567,8.0
2024-01-19,AMD,BUY,161.72612076113987,21,3396.248535983937,NEW_CANDIDATE,,,,,,,,
2024-01-22,ACN,SELL,,10,,TAKE_PROFIT,2024-01-16,348.14065406879644,360.9334141322545,3481.4065406879645,3609.334141322545,127.92760063458036,3.6745952861138833,6.0
2024-01-22,ABBV,BUY,153.21412009958152,22,3370.7106421907934,NEW_CANDIDATE,,,,,,,,
2024-01-23,MMM,SELL,,40,,STOP_LOSS,2024-01-02,87.17745382029109,80.83535505022321,3487.0981528116436,3233.4142020089284,-253.68395080271512,-7.274930033104174,21.0
2024-01-23,ACN,BUY,353.4939655890904,9,3181.4456903018136,NEW_CANDIDATE,,,,,,,,
2024-01-24,AMD,SELL,,21,,TAKE_PROFIT,2024-01-19,161.72612076113987,170.35257263183593,3396.248535983937,3577.4040252685545,181.1554892846175,5.333987997793407,5.0
2024-01-24,AFL,BUY,82.97331077847652,42,3484.879052696014,NEW_CANDIDATE,,,,,,,,
2024-01-25,ACN,SELL,,9,,TAKE_PROFIT,2024-01-23,353.4939655890904,373.26517682756696,3181.4456903018136,3359.3865914481025,177.94090114628898,5.593083097056052,2.0
2024-01-25,AMD,BUY,179.24589404616813,19,3405.6719868771943,NEW_CANDIDATE,,,,,,,,
2024-01-26,ACN,BUY,356.0867821693649,9,3204.781039524284,NEW_CANDIDATE,,,,,,,,
2024-01-31,AFL,SELL,,42,,TAKE_PROFIT,2024-01-24,82.97331077847652,85.85110539027623,3484.879052696014,3605.7464263916017,120.86737369558796,3.468337691722216,7.0
2024-02-01,AMD,SELL,,19,,STOP_LOSS,2024-01-25,179.24589404616813,169.14941929408482,3405.6719868771943,3213.8389665876116,-191.8330202895827,-5.632750923422973,7.0
2024-02-01,ABT,BUY,108.8514492593721,31,3374.394927040535,NEW_CANDIDATE,,,,,,,,
2024-02-02,ABBV,SELL,,22,,TAKE_PROFIT,2024-01-22,153.21412009958152,169.45338701520646,3370.7106421907934,3727.974514334542,357.2638721437488,10.599066786449079,11.0
2024-02-02,AMD,BUY,172.73991097137463,20,3454.7982194274928,NEW_CANDIDATE,,,,,,,,
2024-02-05,ABBV,BUY,157.78720211135337,22,3471.318446449774,NEW_CANDIDATE,,,,,,,,
2024-02-06,ABBV,SELL,,22,,TAKE_PROFIT,2024-02-05,157.78720211135337,172.28102242606028,3471.318446449774,3790.182493373326,318.864046923552,9.185675467189252,1.0
2024-02-07,ABBV,BUY,165.11815166401055,21,3467.4811849442217,NEW_CANDIDATE,,,,,,,,
2024-02-15,AMD,SELL,,20,,TAKE_PROFIT,2024-02-02,172.73991097137463,180.4459974016462,3454.7982194274928,3608.919948032924,154.12172860543114,4.4610920469610305,13.0
2024-02-16,ABT,SELL,,31,,TAKE_PROFIT,2024-02-01,108.8514492593721,114.8996819632394,3374.394927040535,3561.8901408604215,187.49521381988643,5.55640990085077,15.0
2024-02-16,AMD,BUY,174.12392196453754,19,3308.354517326213,NEW_CANDIDATE,,,,,,,,
2024-02-20,ABBV,SELL,,21,,TAKE_PROFIT,2024-02-07,165.11815166401055,177.2060511997768,3467.4811849442217,3721.327075195313,253.84589025109108,7.320757538736998,13.0
2024-02-20,A,BUY,132.28117582522464,26,3439.3105714558405,NEW_CANDIDATE,,,,,,,,
2024-02-21,AMD,SELL,,19,,STOP_LOSS,2024-02-16,174.12392196453754,168.40028032575336,3308.354517326213,3199.605326189314,-108.7491911368993,-3.2871081550471066,5.0
2024-02-21,ABBV,BUY,165.1844499529116,21,3468.8734490111433,NEW_CANDIDATE,,,,,,,,
2024-02-22,AMD,BUY,163.07142993759396,21,3424.5000286894733,NEW_CANDIDATE,,,,,,,,
2024-02-23,AMD,SELL,,21,,TAKE_PROFIT,2024-02-22,163.07142993759396,172.63942217145646,3424.5000286894733,3625.427865600586,200.92783691111254,5.867362687335293,1.0
2024-02-26,ACN,SELL,,9,,TAKE_PROFIT,2024-01-26,356.0867821693649,378.9039986746652,3204.781039524284,3410.135988071987,205.35494854770286,6.407768456411787,31.0
2024-02-26,AMD,BUY,177.59332024400558,19,3374.273084636106,NEW_CANDIDATE,,,,,,,,
2024-02-27,AES,SELL,,200,,STOP_LOSS,2024-01-02,17.579691222041404,14.831189237322125,3515.9382444082808,2966.237847464425,-549.7003969438556,-15.634529355516827,56.0
2024-02-27,ADBE,BUY,562.1441123696325,6,3372.864674217795,NEW_CANDIDATE,,,,,,,,
2024-02-28,A,SELL,,26,,TAKE_PROFIT,2024-02-20,132.28117582522464,137.81099897112165,3439.3105714558405,3583.0859732491626,143.7754017933221,4.180355301046942,8.0
2024-02-28,ACN,BUY,365.6870717542467,9,3291.18364578822,NEW_CANDIDATE,,,,,,,,
2024-02-29,AMD,SELL,,19,,TAKE_PROFIT,2024-02-26,177.59332024400558,186.15429077148437,3374.273084636106,3536.931524658203,162.65844002209724,4.820547594761107,3.0
2024-02-29,ABT,BUY,115.36484118040154,30,3460.9452354120463,NEW_CANDIDATE,,,,,,,,
2024-03-01,AOS,SELL,,44,,TAKE_PROFIT,2024-01-02,80.82977992670008,83.84219403948103,3556.510316774804,3689.0565377371654,132.54622096236153,3.726861703091027,59.0
2024-03-01,AMD,BUY,189.11632226482138,18,3404.0938007667846,NEW_CANDIDATE,,,,,,,,
2024-03-04,ACN,SELL,,9,,TAKE_PROFIT,2024-02-28,365.6870717542467,383.553560093471,3291.18364578822,3451.982040841239,160.7983950530188,4.885731468032635,5.0
2024-03-04,AMD,SELL,,18,,TAKE_PROFIT,2024-03-01,189.11632226482138,202.642573765346,3404.0938007667846,3647.566327776228,243.47252700944318,7.152344831232327,3.0
2024-03-04,AOS,BUY,82.04885730422399,55,4512.687151732319,NEW_CANDIDATE,,,,,,,,
2024-03-04,A,BUY,135.86039502075582,32,4347.532640664186,NEW_CANDIDATE,,,,,,,,
2024-03-04,AFL,BUY,77.93835749738821,57,4442.486377351128,NEW_CANDIDATE,,,,,,,,
2024-03-05,A,SELL,,32,,TAKE_PROFIT,2024-03-04,135.86039502075582,143.05241557529993,4347.532640664186,4577.677298409598,230.14465774541168,5.293684412919135,1.0
2024-03-05,AMD,BUY,208.7625390697675,21,4384.013320465117,NEW_CANDIDATE,,,,,,,,
2024-03-05,ACN,BUY,374.3642026534373,12,4492.370431841247,NEW_CANDIDATE,,,,,,,,
2024-03-06,ABBV,SELL,,21,,TAKE_PROFIT,2024-02-21,165.1844499529116,180.1875793457031,3468.8734490111433,3783.9391662597654,315.06571724862215,9.08265239074768,14.0
2024-03-06,A,BUY,140.437920729665,31,4353.575542619615,NEW_CANDIDATE,,,,,,,,
2024-03-07,AOS,SELL,,55,,TAKE_PROFIT,2024-03-04,82.04885730422399,86.27974782671247,4512.687151732319,4745.386130469185,232.6989787368666,5.156550208616582,3.0
2024-03-07,A,SELL,,31,,TAKE_PROFIT,2024-03-06,140.437920729665,148.8489281790597,4353.575542619615,4614.3167735508505,260.7412309312358,5.989128438881842,1.0
2024-03-07,ABBV,BUY,171.9387482841884,26,4470.407455388899,NEW_CANDIDATE,,,,,,,,
2024-03-08,AMD,SELL,,21,,TAKE_PROFIT,2024-03-05,208.7625390697675,218.57714680262978,4384.013320465117,4590.1200828552255,206.1067623901081,4.701326098348656,3.0
2024-03-08,A,BUY,147.31993775873576,30,4419.598132762073,NEW_CANDIDATE,,,,,,,,
2024-03-08,AOS,BUY,84.79270308828376,53,4494.0132636790395,NEW_CANDIDATE,,,,,,,,
2024-03-11,AFL,SELL,,57,,TAKE_PROFIT,2024-03-04,77.93835749738821,82.93428829738072,4442.486377351128,4727.254432950701,284.768055599573,6.410105319655893,7.0
2024-03-11,AMD,BUY,204.8847691584,21,4302.5801523264,NEW_CANDIDATE,,,,,,,,
2024-03-12,AMD,SELL,,21,,STOP_LOSS,2024-03-11,204.8847691584,197.52071271623885,4302.5801523264,4147.934967041016,-154.6451852853843,-3.594242984683686,1.0
2024-03-12,AFL,BUY,79.97592659240826,55,4398.675962582454,NEW_CANDIDATE,,,,,,,,
2024-03-13,ADBE,SELL,,6,,TAKE_PROFIT,2024-02-27,562.1441123696325,582.5385498046875,3372.864674217795,3495.2312988281246,122.36662461032984,3.6279731453710937,15.0
2024-03-13,AMD,BUY,200.21239721219825,22,4404.6727386683615,NEW_CANDIDATE,,,,,,,,
2024-03-14,AMD,SELL,,22,,STOP_LOSS,2024-03-13,200.21239721219825,192.639278956822,4404.6727386683615,4238.064137050084,-166.60860161827713,-3.7825421206808416,1.0
2024-03-14,MMM,BUY,83.68993452856196,53,4435.566530013784,NEW_CANDIDATE,,,,,,,,
2024-03-15,ADBE,BUY,561.8619316669553,7,3933.033521668687,NEW_CANDIDATE,,,,,,,,
2024-03-18,ADBE,SELL,,7,,STOP_LOSS,2024-03-15,561.8619316669553,556.2778756277902,3933.033521668687,3893.9451293945312,-39.08839227415592,-0.9938484393484573,3.0
2024-03-19,AMD,BUY,192.42065978391096,23,4425.675175029952,NEW_CANDIDATE,,,,,,,,
2024-03-20,MMM,SELL,,53,,TAKE_PROFIT,2024-03-14,83.68993452856196,89.8080005645752,4435.566530013784,4759.824029922485,324.257499908701,7.31039648970598,6.0
2024-03-21,ACN,SELL,,12,,STOP_LOSS,2024-03-05,374.3642026534373,360.2192077636719,4492.370431841247,4322.6304931640625,-169.7399386771849,-3.7784047698759142,16.0
2024-03-21,AOS,SELL,,53,,TAKE_PROFIT,2024-03-08,84.79270308828376,89.17733137948173,4494.0132636790395,4726.3985631125315,232.38529943349204,5.170997186671608,13.0
2024-03-21,AMD,SELL,,23,,STOP_LOSS,2024-03-19,192.42065978391096,180.67642211914065,4425.675175029952,4155.557708740235,-270.1174662897165,-6.103418249349681,2.0
2024-03-21,MMM,BUY,87.97913321931112,51,4486.9357941848675,NEW_CANDIDATE,,,,,,,,
2024-03-22,AOS,BUY,85.59392871269817,51,4365.290364347607,NEW_CANDIDATE,,,,,,,,
2024-03-22,AES,BUY,14.291348304223478,312,4458.900670917725,NEW_CANDIDATE,,,,,,,,
2024-03-22,ACN,BUY,331.76876364933497,13,4312.993927441355,NEW_CANDIDATE,,,,,,,,
2024-03-25,ABT,SELL,,30,,STOP_LOSS,2024-02-29,115.36484118040154,110.13694022042411,3460.9452354120463,3304.1082066127233,-156.83702879932298,-4.531624112239112,25.0
2024-03-26,AFL,SELL,,55,,TAKE_PROFIT,2024-03-12,79.97592659240826,85.31762313842773,4398.675962582454,4692.469272613525,293.7933100310711,6.679130550425579,14.0
2024-03-26,ABT,BUY,107.29509428892807,42,4506.393960134979,NEW_CANDIDATE,,,,,,,,
2024-03-27,AES,SELL,,312,,TAKE_PROFIT,2024-03-22,14.291348304223478,16.992828914097377,4458.900670917725,5301.762621198382,842.8619502806569,18.902909315250124,5.0
2024-03-27,ABT,SELL,,42,,TAKE_PROFIT,2024-03-26,107.29509428892807,113.09366035461423,4506.393960134979,4749.933734893798,243.53977475881857,5.40431610980421,1.0
2024-03-27,AFL,BUY,80.83419924308082,54,4365.046759126364,NEW_CANDIDATE,,,,,,,,
2024-03-28,AES,BUY,16.054766101843704,285,4575.608339025455,NEW_CANDIDATE,,,,,,,,
2024-03-28,ABT,BUY,111.0841183372916,41,4554.448851828955,NEW_CANDIDATE,,,,,,,,
2024-04-01,MMM,SELL,,51,,TAKE_PROFIT,2024-03-21,87.97913321931112,93.95661217825753,4486.9357941848675,4791.787221091134,304.85142690626617,6.7942007840040395,11.0
2024-04-02,A,SELL,,30,,STOP_LOSS,2024-03-08,147.31993775873576,143.03565543038505,4419.598132762073,4291.069662911552,-128.5284698505211,-2.9081483426683397,25.0
2024-04-02,MMM,BUY,91.25248235865443,49,4471.371635574067,NEW_CANDIDATE,,,,,,,,
2024-04-03,A,BUY,143.42546364302947,31,4446.189372933914,NEW_CANDIDATE,,,,,,,,
2024-04-04,AES,SELL,,285,,TAKE_PROFIT,2024-03-28,16.054766101843704,18.27911284991673,4575.608339025455,5209.547162226268,633.9388232008123,13.854744030295063,7.0
2024-04-05,AES,BUY,16.529851413940168,271,4479.589733177786,NEW_CANDIDATE,,,,,,,,
2024-04-09,ABBV,SELL,,26,,NEUTRAL_BEARISH_REDUCE,2024-03-07,171.9387482841884,159.94963146972657,4470.407455388899,4158.690418212891,-311.7170371760076,-6.972899904241281,33.0
2024-04-09,AOS,SELL,,51,,NEUTRAL_BEARISH_REDUCE,2024-03-22,85.59392871269817,83.62388822937012,4365.290364347607,4264.818299697877,-100.47206464972987,-2.301612407511532,18.0
2024-04-12,ACN,SELL,,13,,BEAR_WEAK_REDUCE,2024-03-22,331.76876364933497,308.0391256713867,4312.993927441355,4004.5086337280272,-308.48529371332734,-7.1524629735876655,21.0
2024-04-12,AFL,SELL,,54,,BEAR_WEAK_REDUCE,2024-03-27,80.83419924308082,77.70999298095703,4365.046759126364,4196.339620971679,-168.7071381546848,-3.8649560351662866,16.0
2024-04-15,A,SELL,,31,,STOP_LOSS,2024-04-03,143.42546364302947,139.1347645350865,4446.189372933914,4313.177700587682,-133.01167234623153,-2.991588103645278,12.0
2024-04-16,AOS,BUY,81.16619093736185,30,2434.9857281208556,NEW_CANDIDATE,,,,,,,,
2024-04-17,ABT,SELL,,41,,STOP_LOSS,2024-03-28,111.0841183372916,105.21058545793808,4554.448851828955,4313.634003775462,-240.81484805349373,-5.287464101321247,20.0
2024-04-17,AOS,SELL,,30,,TAKE_PROFIT,2024-04-16,81.16619093736185,85.82633590698242,2434.9857281208556,2574.7900772094727,139.80434908861707,5.74148535960857,1.0
2024-04-18,AOS,BUY,83.24729359455624,29,2414.171514242131,NEW_CANDIDATE,,,,,,,,
2024-04-18,AMD,BUY,152.24462202927353,16,2435.9139524683765,NEW_CANDIDATE,,,,,,,,
2024-04-19,AOS,SELL,,29,,TAKE_PROFIT,2024-04-18,83.24729359455624,87.10724857875279,2414.171514242131,2526.110208783831,111.93869454169999,4.636733300899723,1.0
2024-04-22,AFL,BUY,80.9166415779312,30,2427.499247337936,NEW_CANDIDATE,,,,,,,,
2024-04-23,AFL,SELL,,30,,TAKE_PROFIT,2024-04-22,80.9166415779312,84.10406821114677,2427.499247337936,2523.122046334403,95.62279899646683,3.939148450873032,1.0
2024-04-23,ACN,BUY,314.332409433307,11,3457.656503766377,NEW_CANDIDATE,,,,,,,,
2024-04-23,AOS,BUY,84.88517718734104,41,3480.292264680983,NEW_CANDIDATE,,,,,,,,
2024-04-24,AOS,SELL,,41,,TAKE_PROFIT,2024-04-23,84.88517718734104,88.46267852783203,3480.292264680983,3626.969819641113,146.67755496013024,4.2145183164257976,1.0
2024-04-24,AFL,BUY,80.86357901112585,43,3477.1338974784117,NEW_CANDIDATE,,,,,,,,
2024-04-25,ADBE,BUY,474.83135377885685,7,3323.819476451998,NEW_CANDIDATE,,,,,,,,
2024-04-30,MMM,SELL,,49,,BEAR_WEAK_REDUCE,2024-04-02,91.25248235865443,93.3754260635376,4471.371635574067,4575.395877113343,104.02424153927586,2.3264503605932205,28.0
2024-04-30,AES,SELL,,271,,BEAR_WEAK_REDUCE,2024-04-05,16.529851413940168,16.508535593032835,4479.589733177786,4473.813145711898,-5.776587465888042,-0.12895349373412765,25.0
2024-04-30,AMD,SELL,,16,,TAKE_PROFIT,2024-04-18,152.24462202927353,161.20571899414062,2435.9139524683765,2579.29150390625,143.37755143787354,5.885985886019711,12.0
2024-04-30,ADBE,SELL,,7,,STOP_LOSS,2024-04-25,474.83135377885685,465.3188555036272,3323.819476451998,3257.2319885253905,-66.58748792660754,-2.0033424919239646,5.0
2024-05-01,AFL,SELL,,43,,TAKE_PROFIT,2024-04-24,80.86357901112585,85.3042493547712,3477.1338974784117,3668.0827222551616,190.94882477674992,5.4915580016985945,7.0
2024-05-01,AMD,BUY,155.95053730180214,15,2339.258059527032,NEW_CANDIDATE,,,,,,,,
2024-05-01,ADBE,BUY,468.10120959620633,5,2340.5060479810318,NEW_CANDIDATE,,,,,,,,
2024-05-02,AMD,SELL,,15,,STOP_LOSS,2024-05-01,155.95053730180214,149.11107689993722,2339.258059527032,2236.666153499058,-102.59190602797389,-4.3856600433693345,1.0
2024-05-02,MMM,BUY,96.28541568355071,36,3466.2749646078255,NEW_CANDIDATE,,,,,,,,
2024-05-02,AES,BUY,17.054688613596408,208,3547.375231628053,NEW_CANDIDATE,,,,,,,,
2024-05-02,AFL,BUY,83.39048744269007,42,3502.400472592983,NEW_CANDIDATE,,,,,,,,
2024-05-03,ADBE,SELL,,5,,TAKE_PROFIT,2024-05-01,468.10120959620633,473.0342712402344,2340.5060479810318,2365.171356201172,24.665308220140105,1.0538450965088042,2.0
2024-05-03,AES,SELL,,208,,TAKE_PROFIT,2024-05-02,17.054688613596408,18.90354439871652,3547.375231628053,3931.937234933036,384.56200330498314,10.840747826062088,1.0
2024-05-03,AMD,BUY,144.62264407485247,23,3326.320813721607,NEW_CANDIDATE,,,,,,,,
2024-05-06,AMD,SELL,,23,,TAKE_PROFIT,2024-05-03,144.62264407485247,154.39971836635044,3326.320813721607,3551.19352242606,224.8727087044531,6.760403499771191,3.0
2024-05-06,ADBE,BUY,494.17213632481133,7,3459.2049542736795,NEW_CANDIDATE,,,,,,,,
2024-05-06,AES,BUY,17.280382375037853,203,3507.9176221326843,NEW_CANDIDATE,,,,,,,,
2024-05-07,AMD,BUY,156.3387024220632,22,3439.45145328539,NEW_CANDIDATE,,,,,,,,
2024-05-08,AES,SELL,,203,,TAKE_PROFIT,2024-05-06,17.280382375037853,19.44798938206264,3507.9176221326843,3947.941844558716,440.0242224260319,12.543744461094656,2.0
2024-05-09,AES,BUY,17.803319263073885,195,3471.6472562994077,NEW_CANDIDATE,,,,,,,,
2024-05-10,AFL,SELL,,42,,TAKE_PROFIT,2024-05-02,83.39048744269007,86.06129673549107,3502.400472592983,3614.574462890625,112.17399029764192,3.202774530651959,8.0
2024-05-10,AES,SELL,,195,,TAKE_PROFIT,2024-05-09,17.803319263073885,20.16255490439279,3471.6472562994077,3931.698206356594,460.0509500571861,13.251661706770754,1.0
2024-05-13,MMM,SELL,,36,,TAKE_PROFIT,2024-05-02,96.28541568355071,100.29011165073939,3466.2749646078255,3610.444019426618,144.16905481879257,4.159192686408935,11.0
2024-05-13,AES,BUY,18.25207604980999,190,3467.894449463898,NEW_CANDIDATE,,,,,,,,
2024-05-13,AFL,BUY,81.90712530062177,41,3358.1921373254927,NEW_CANDIDATE,,,,,,,,
2024-05-14,ADBE,SELL,,7,,STOP_LOSS,2024-05-06,494.17213632481133,473.7291346958706,3459.2049542736795,3316.103942871094,-143.1010114025853,-4.136817947886868,8.0
2024-05-14,MMM,BUY,97.15144682818465,36,3497.452085814647,NEW_CANDIDATE,,,,,,,,
2024-05-15,AES,SELL,,190,,TAKE_PROFIT,2024-05-13,18.25207604980999,20.75577632359096,3467.894449463898,3943.5975014822825,475.70305201838437,13.71734517732866,2.0
2024-05-15,ADBE,BUY,467.78725090010164,7,3274.5107563007114,NEW_CANDIDATE,,,,,,,,
2024-05-16,AMD,SELL,,22,,TAKE_PROFIT,2024-05-07,156.3387024220632,164.05742536272322,3439.45145328539,3609.263357979911,169.81190469452076,4.937179867223163,9.0
2024-05-16,MMM,SELL,,36,,TAKE_PROFIT,2024-05-14,97.15144682818465,101.82949938092912,3497.452085814647,3665.861977713448,168.4098918988011,4.815216556700135,2.0
2024-05-16,AES,BUY,19.545964844215153,179,3498.727707114512,NEW_CANDIDATE,,,,,,,,
2024-05-17,AFL,SELL,,41,,TAKE_PROFIT,2024-05-13,81.90712530062177,87.45778481619699,3358.1921373254927,3585.7691774640766,227.57704013858392,6.776772466623342,4.0
2024-05-17,AMD,BUY,165.12199028256512,21,3467.5617959338674,NEW_CANDIDATE,,,,,,,,
2024-05-17,MMM,BUY,102.9504938533135,34,3500.316791012659,NEW_CANDIDATE,,,,,,,,
2024-05-20,AFL,BUY,85.30634191757548,40,3412.253676703019,NEW_CANDIDATE,,,,,,,,
2024-05-22,AMD,SELL,,21,,TAKE_PROFIT,2024-05-17,165.12199028256512,169.4582781110491,3467.5617959338674,3558.6238403320312,91.06204439816383,2.626111653004858,5.0
2024-05-23,ADBE,SELL,,7,,TAKE_PROFIT,2024-05-15,467.78725090010164,488.9794442313058,3274.5107563007114,3422.8561096191406,148.34535331842926,4.53030587952682,8.0
2024-05-23,AMD,BUY,167.8044500307218,21,3523.893450645158,NEW_CANDIDATE,,,,,,,,
2024-05-24,ADBE,BUY,490.4936068137909,7,3433.4552476965364,NEW_CANDIDATE,,,,,,,,
2024-05-28,ACN,SELL,,11,,STOP_LOSS,2024-04-23,314.332409433307,297.8716247558594,3457.656503766377,3276.5878723144533,-181.06863145192392,-5.2367443456193055,35.0
2024-05-28,AMD,SELL,,21,,TAKE_PROFIT,2024-05-23,167.8044500307218,171.4540012904576,3523.893450645158,3600.5340270996094,76.64057645445155,2.1748834783985913,5.0
2024-05-29,AOS,BUY,81.75220889908007,43,3515.3449826604433,NEW_CANDIDATE,,,,,,,,
2024-05-29,AMD,BUY,172.45201992188944,20,3449.040398437789,NEW_CANDIDATE,,,,,,,,
2024-05-30,ADBE,SELL,,7,,STOP_LOSS,2024-05-24,490.4936068137909,472.28457118443083,3433.4552476965364,3305.991998291016,-127.4632494055204,-3.7123900039481788,6.0
2024-05-30,AMD,SELL,,20,,STOP_LOSS,2024-05-29,172.45201992188944,164.20600149972097,3449.040398437789,3284.1200299944194,-164.92036844336963,-4.781630523030951,1.0
2024-05-31,AES,SELL,,179,,TAKE_PROFIT,2024-05-16,19.545964844215153,21.943083109174456,3498.727707114512,3927.8118765422278,429.08416942771555,12.264005814319056,15.0
2024-05-31,AFL,SELL,,40,,TAKE_PROFIT,2024-05-20,85.30634191757548,89.8476056780134,3412.253676703019,3593.904227120536,181.65055041751657,5.323477315233801,11.0
2024-05-31,AMD,BUY,165.7247687306464,20,3314.4953746129277,NEW_CANDIDATE,,,,,,,,
2024-05-31,ADBE,BUY,444.6178662595862,7,3112.3250638171035,NEW_CANDIDATE,,,,,,,,
2024-06-03,AES,BUY,19.63629149053617,175,3436.3510108438295,NEW_CANDIDATE,,,,,,,,
2024-06-03,AFL,BUY,87.71693458754851,39,3420.9604489143917,NEW_CANDIDATE,,,,,,,,
2024-06-06,ADBE,SELL,,7,,TAKE_PROFIT,2024-05-31,444.6178662595862,459.3759957449777,3112.3250638171035,3215.631970214844,103.30690639774048,3.3192839526549958,6.0
2024-06-07,ABBV,BUY,160.27047718321433,21,3365.6800208475006,NEW_CANDIDATE,,,,,,,,
2024-06-11,AMD,SELL,,20,,STOP_LOSS,2024-05-31,165.7247687306464,158.71514369419643,3314.4953746129277,3174.3028738839284,-140.19250072899922,-4.229678574988844,11.0
2024-06-12,AOS,SELL,,43,,TAKE_PROFIT,2024-05-29,81.75220889908007,83.88631744384766,3515.3449826604433,3607.111650085449,91.76666742500583,2.6104597949176536,14.0
2024-06-12,ADBE,BUY,469.63823323269594,9,4226.744099094263,NEW_CANDIDATE,,,,,,,,
2024-06-12,ABT,BUY,102.80598436261704,43,4420.657327592533,NEW_CANDIDATE,,,,,,,,
2024-06-12,ACN,BUY,286.4052666412347,15,4296.07899961852,NEW_CANDIDATE,,,,,,,,
2024-06-13,MMM,SELL,,34,,NEUTRAL_BEARISH_REDUCE,2024-05-17,102.9504938533135,98.92435308837892,3500.316791012659,3363.4280050048833,-136.8887860077757,-3.910754202569565,27.0
2024-06-14,ADBE,SELL,,9,,TAKE_PROFIT,2024-06-12,469.63823323269594,481.53429194859103,4226.744099094263,4333.808627537319,107.06452844305568,2.533026034530887,2.0
2024-06-17,ADBE,BUY,535.2005689491908,8,4281.604551593527,NEW_CANDIDATE,,,,,,,,
2024-06-17,AOS,BUY,81.6206716282896,56,4570.757611184217,NEW_CANDIDATE,,,,,,,,
2024-06-17,MMM,BUY,97.59239005147514,45,4391.657552316381,NEW_CANDIDATE,,,,,,,,
2024-06-18,ABBV,SELL,,21,,TAKE_PROFIT,2024-06-07,160.27047718321433,171.7025115966797,3365.6800208475006,3605.7527435302736,240.07272268277302,7.132963359431926,11.0
2024-06-18,AOS,SELL,,56,,TAKE_PROFIT,2024-06-17,81.6206716282896,84.47592517307827,4570.757611184217,4730.651809692383,159.89419850816557,3.4981990319705294,1.0
2024-06-20,ACN,SELL,,15,,TAKE_PROFIT,2024-06-12,286.4052666412347,301.06859697614397,4296.07899961852,4516.028954642159,219.94995502363872,5.119783761964565,8.0
2024-06-20,AOS,BUY,80.99931107145736,54,4373.962797858697,NEW_CANDIDATE,,,,,,,,
2024-06-20,ABBV,BUY,161.69615493165946,27,4365.7961831548055,NEW_CANDIDATE,,,,,,,,
2024-06-21,AES,SELL,,175,,NEUTRAL_BEARISH_REDUCE,2024-06-03,19.63629149053617,17.034223978042604,3436.3510108438295,2980.989196157456,-455.3618146863737,-13.251318426127694,18.0
2024-06-27,MMM,SELL,,45,,TAKE_PROFIT,2024-06-17,97.59239005147514,103.5578111921038,4391.657552316381,4660.101503644671,268.4439513282896,6.112588427726992,10.0
2024-06-28,ADBE,SELL,,8,,TAKE_PROFIT,2024-06-17,535.2005689491908,551.1785757882254,4281.604551593527,4409.428606305803,127.82405471227685,2.985424113133085,11.0
2024-06-28,MMM,BUY,99.9543114948873,34,3398.4465908261686,NEW_CANDIDATE,,,,,,,,
2024-07-01,ADBE,BUY,565.1083327582288,6,3390.649996549373,NEW_CANDIDATE,,,,,,,,
2024-07-05,ADBE,SELL,,6,,TAKE_PROFIT,2024-07-01,565.1083327582288,575.7522556849889,3390.649996549373,3454.513534109933,63.86353756055996,1.8835190192309195,4.0
2024-07-08,ADBE,BUY,590.3692515013383,6,3542.21550900803,NEW_CANDIDATE,,,,,,,,
2024-07-11,AFL,SELL,,39,,TAKE_PROFIT,2024-06-03,87.71693458754851,91.32049080984933,3420.9604489143917,3561.499141584124,140.53869266973243,4.10816479080695,38.0
2024-07-11,ADBE,SELL,,6,,STOP_LOSS,2024-07-08,590.3692515013383,558.2074550083705,3542.21550900803,3349.244730050223,-192.97077895780694,-5.447742478318235,3.0
2024-07-12,AOS,SELL,,54,,TAKE_PROFIT,2024-06-20,80.99931107145736,86.43772288731166,4373.962797858697,4667.6370359148295,293.6742380561327,6.714145767309748,22.0
2024-07-12,MMM,SELL,,34,,TAKE_PROFIT,2024-06-28,99.9543114948873,105.06485203334263,3398.4465908261686,3572.2049691336497,173.75837830748105,5.112876535312567,14.0
2024-07-12,AMD,BUY,184.60149285539663,24,4430.435828529519,NEW_CANDIDATE,,,,,,,,
2024-07-12,AFL,BUY,91.47968641448762,49,4482.504634309893,NEW_CANDIDATE,,,,,,,,
2024-07-12,ADBE,BUY,562.2604296721399,8,4498.0834373771195,NEW_CANDIDATE,,,,,,,,
2024-07-12,A,BUY,129.13060105570378,34,4390.440435893928,NEW_CANDIDATE,,,,,,,,
2024-07-15,AOS,BUY,86.23504607838544,52,4484.222396076043,NEW_CANDIDATE,,,,,,,,
2024-07-15,ACN,BUY,308.0049947624455,14,4312.069926674237,NEW_CANDIDATE,,,,,,,,
2024-07-16,AMD,SELL,,24,,STOP_LOSS,2024-07-12,184.60149285539663,175.31214468819755,4430.435828529519,4207.491472516741,-222.94435601277837,-5.032108908499292,4.0
2024-07-16,A,SELL,,34,,TAKE_PROFIT,2024-07-12,129.13060105570378,134.50955281938826,4390.440435893928,4573.324795859201,182.88435996527278,4.165512837165643,4.0
2024-07-16,ACN,SELL,,14,,TAKE_PROFIT,2024-07-15,308.0049947624455,319.2648664202009,4312.069926674237,4469.7081298828125,157.63820320857576,3.6557432019697584,1.0
2024-07-17,AFL,SELL,,49,,TAKE_PROFIT,2024-07-12,91.47968641448762,94.61656297956193,4482.504634309893,4636.211585998535,153.70695168864222,3.4290416681812594,5.0
2024-07-17,AOS,SELL,,52,,TAKE_PROFIT,2024-07-15,86.23504607838544,90.31104959760394,4484.222396076043,4696.174579075405,211.95218299936187,4.7266206775300095,2.0
2024-07-17,ACN,BUY,322.3793785150252,14,4513.311299210353,NEW_CANDIDATE,,,,,,,,
2024-07-17,A,BUY,135.61669178010473,33,4475.350828743456,NEW_CANDIDATE,,,,,,,,
2024-07-17,MMM,BUY,100.14749002259646,44,4406.489560994244,NEW_CANDIDATE,,,,,,,,
2024-07-18,ACN,SELL,,14,,TAKE_PROFIT,2024-07-17,322.3793785150252,334.1702172415597,4513.311299210353,4678.383041381836,165.07174217148258,3.6574419805778398,1.0
2024-07-18,AFL,BUY,91.08560129923177,49,4463.194463662357,NEW_CANDIDATE,,,,,,,,
2024-07-18,AOS,BUY,87.54217268912987,51,4464.650807145624,NEW_CANDIDATE,,,,,,,,
2024-07-19,A,SELL,,33,,STOP_LOSS,2024-07-17,135.61669178010473,131.38864081246513,4475.350828743456,4335.825146811349,-139.52568193210664,-3.117647917923817,2.0
2024-07-19,ACN,BUY,328.64639941720236,13,4272.403192423631,NEW_CANDIDATE,,,,,,,,
2024-07-22,A,BUY,129.62363793080928,34,4407.203689647516,NEW_CANDIDATE,,,,,,,,
2024-07-23,ADBE,SELL,,8,,STOP_LOSS,2024-07-12,562.2604296721399,546.1907174246652,4498.0834373771195,4369.525739397322,-128.55769797979792,-2.858054986520243,11.0
2024-07-23,AOS,SELL,,51,,STOP_LOSS,2024-07-18,87.54217268912987,83.90528978620257,4464.650807145624,4279.169779096331,-185.48102804929295,-4.154435275261228,5.0
2024-07-23,A,SELL,,34,,TAKE_PROFIT,2024-07-22,129.62363793080928,135.4596974509103,4407.203689647516,4605.629713330951,198.42602368343523,4.5023111627342365,1.0
2024-07-24,ADBE,BUY,548.4402080325119,8,4387.521664260095,NEW_CANDIDATE,,,,,,,,
2024-07-24,A,BUY,131.17578025478207,34,4459.976528662591,NEW_CANDIDATE,,,,,,,,
2024-07-24,AES,BUY,16.493828261697153,277,4568.7904284901115,NEW_CANDIDATE,,,,,,,,
2024-07-25,ABT,SELL,,43,,TAKE_PROFIT,2024-06-12,102.80598436261704,108.68925857543942,4420.657327592533,4673.638118743896,252.9807911513626,5.722696250902004,43.0
2024-07-25,ADBE,SELL,,8,,STOP_LOSS,2024-07-24,548.4402080325119,535.2357308523996,4387.521664260095,4281.885846819197,-105.63581744089879,-2.4076420704970594,1.0
2024-07-26,ABBV,SELL,,27,,TAKE_PROFIT,2024-06-20,161.69615493165946,178.5468886239188,4365.7961831548055,4820.765992845807,454.9698096910015,10.421233392582058,36.0
2024-07-26,A,SELL,,34,,TAKE_PROFIT,2024-07-24,131.17578025478207,134.6328503744943,4459.976528662591,4577.516912732806,117.54038407021562,2.635448489803204,2.0
2024-07-26,ABT,BUY,102.06187565503781,43,4388.660653166626,NEW_CANDIDATE,,,,,,,,
2024-07-26,ADBE,BUY,526.234634969375,8,4209.877079755,NEW_CANDIDATE,,,,,,,,
2024-07-29,MMM,SELL,,44,,TAKE_PROFIT,2024-07-17,100.14749002259646,106.3385829925537,4406.489560994244,4678.897651672362,272.40809067811824,6.181975173377111,12.0
2024-07-29,ABBV,BUY,180.18045569743106,25,4504.5113924357765,NEW_CANDIDATE,,,,,,,,
2024-07-29,A,BUY,138.64576132214117,33,4575.310123630658,NEW_CANDIDATE,,,,,,,,
2024-07-30,MMM,BUY,122.18299723524892,36,4398.587900468961,NEW_CANDIDATE,,,,,,,,
2024-07-31,ADBE,SELL,,8,,TAKE_PROFIT,2024-07-26,526.234634969375,549.4782300676618,4209.877079755,4395.825840541294,185.94876078629477,4.416964136091032,5.0
2024-07-31,A,SELL,,33,,TAKE_PROFIT,2024-07-29,138.64576132214117,142.39442825317383,4575.310123630658,4699.016132354736,123.70600872407795,2.703773195289179,2.0
2024-08-01,AFL,SELL,,49,,TAKE_PROFIT,2024-07-18,91.08560129923177,96.47497940063475,4463.194463662357,4727.273990631103,264.079526968746,5.916827714292571,14.0
2024-08-01,ABT,SELL,,43,,TAKE_PROFIT,2024-07-26,102.06187565503781,109.52359689985002,4388.660653166626,4709.514666693551,320.854013526925,7.310977969905549,6.0
2024-08-02,ABBV,SELL,,25,,TAKE_PROFIT,2024-07-29,180.18045569743106,193.2697149004255,4504.5113924357765,4831.742872510637,327.2314800748609,7.264527749321846,4.0
2024-08-05,ACN,SELL,,13,,STOP_LOSS,2024-07-19,328.64639941720236,311.2825927734375,4272.403192423631,4046.6737060546875,-225.72948636894307,-5.283431272807664,17.0
2024-08-05,ABBV,BUY,180.75558451766653,13,2349.822598729665,NEW_CANDIDATE,,,,,,,,
2024-08-06,AFL,BUY,95.54979600096891,26,2484.2946960251916,NEW_CANDIDATE,,,,,,,,
2024-08-07,AFL,SELL,,26,,TAKE_PROFIT,2024-08-06,95.54979600096891,98.71206556047711,2484.2946960251916,2566.513704572405,82.21900854721343,3.3095513458512693,1.0
2024-08-08,AFL,BUY,95.68393124996473,36,3444.6215249987304,NEW_CANDIDATE,,,,,,,,
2024-08-08,ACN,BUY,308.47982168937284,11,3393.278038583101,NEW_CANDIDATE,,,,,,,,
2024-08-08,ABT,BUY,109.55004116019292,32,3505.6013171261734,NEW_CANDIDATE,,,,,,,,
2024-08-12,AFL,SELL,,36,,TAKE_PROFIT,2024-08-08,95.68393124996473,101.64931379045758,3444.6215249987304,3659.375296456473,214.75377145774246,6.234466396357481,4.0
2024-08-13,AFL,BUY,99.78152699071292,35,3492.3534446749522,NEW_CANDIDATE,,,,,,,,
2024-08-14,ABBV,SELL,,13,,TAKE_PROFIT,2024-08-05,180.75558451766653,192.47411237444197,2349.822598729665,2502.1634608677455,152.3408621380804,6.4830792852378405,9.0
2024-08-15,ACN,SELL,,11,,TAKE_PROFIT,2024-08-08,308.47982168937284,324.2384486607143,3393.278038583101,3566.6229352678574,173.34489668475635,5.108479019807594,7.0
2024-08-15,ABBV,BUY,188.04090789692896,24,4512.981789526295,NEW_CANDIDATE,,,,,,,,
2024-08-15,ADBE,BUY,540.0819145905685,8,4320.655316724548,NEW_CANDIDATE,,,,,,,,
2024-08-15,AMD,BUY,140.25634826989577,31,4347.9467963667685,NEW_CANDIDATE,,,,,,,,
2024-08-16,AES,SELL,,277,,NEUTRAL_BEARISH_REDUCE,2024-07-24,16.493828261697153,16.07460182762146,4568.7904284901115,4452.664706251145,-116.12572223896677,-2.541716983007773,23.0
2024-08-16,AFL,SELL,,35,,TAKE_PROFIT,2024-08-13,99.78152699071292,103.62954886300223,3492.3534446749522,3627.034210205078,134.68076553012588,3.8564471684698334,3.0
2024-08-19,ADBE,SELL,,8,,TAKE_PROFIT,2024-08-15,540.0819145905685,562.6670968191964,4320.655316724548,4501.336774553572,180.6814578290232,4.18180679976102,4.0
2024-08-19,AFL,BUY,101.62812511552788,44,4471.637505083227,NEW_CANDIDATE,,,,,,,,
2024-08-19,ACN,BUY,324.2207819290045,14,4539.090947006063,NEW_CANDIDATE,,,,,,,,
2024-08-19,A,BUY,137.22317325795484,32,4391.141544254555,NEW_CANDIDATE,,,,,,,,
2024-08-20,MMM,SELL,,36,,NEUTRAL_BEARISH_REDUCE,2024-07-30,122.18299723524892,124.41047628021241,4398.587900468961,4478.7771460876465,80.18924561868516,1.8230679352829502,21.0
2024-08-20,AMD,SELL,,31,,TAKE_PROFIT,2024-08-15,140.25634826989577,152.9096418108259,4347.9467963667685,4740.198896135603,392.25209976883434,9.021547827968089,5.0
2024-08-21,MMM,BUY,122.6903242270104,28,3435.329078356291,NEW_CANDIDATE,,,,,,,,
2024-08-22,A,SELL,,32,,TAKE_PROFIT,2024-08-19,137.22317325795484,144.9958621433803,4391.141544254555,4639.867588588169,248.72604433361448,5.664268432864613,3.0
2024-08-23,MMM,SELL,,28,,TAKE_PROFIT,2024-08-21,122.6903242270104,129.77505885532923,3435.329078356291,3633.7016479492186,198.37256959292745,5.7744852114093,2.0
2024-08-23,ADBE,BUY,555.994474204701,8,4447.955793637608,NEW_CANDIDATE,,,,,,,,
2024-08-23,AMD,BUY,152.46186735147003,29,4421.394153192631,NEW_CANDIDATE,,,,,,,,
2024-08-23,AES,BUY,16.71619791002571,271,4530.089633616967,NEW_CANDIDATE,,,,,,,,
2024-08-26,ABT,SELL,,32,,TAKE_PROFIT,2024-08-08,109.55004116019292,112.78602425711495,3505.6013171261734,3609.1527762276783,103.55145910150486,2.9538857883130425,18.0
2024-08-26,ACN,SELL,,14,,TAKE_PROFIT,2024-08-19,324.2207819290045,335.8226209368025,4539.090947006063,4701.516693115234,162.4257461091711,3.5783761111088865,7.0
2024-08-26,MMM,BUY,127.2058586073021,35,4452.205051255573,NEW_CANDIDATE,,,,,,,,
2024-08-28,AFL,SELL,,44,,TAKE_PROFIT,2024-08-19,101.62812511552788,108.61023875645229,4471.637505083227,4778.850505283901,307.2130002006743,6.870257257021473,9.0
2024-08-29,ADBE,SELL,,8,,TAKE_PROFIT,2024-08-23,555.994474204701,577.176777430943,4447.955793637608,4617.414219447544,169.45842580993667,3.8098046309797273,6.0
2024-08-29,AFL,BUY,105.02317966136152,32,3360.741749163569,NEW_CANDIDATE,,,,,,,,
2024-08-30,MMM,SELL,,35,,TAKE_PROFIT,2024-08-26,127.2058586073021,133.9115172794887,4452.205051255573,4686.9031047821045,234.6980535265311,5.271501443096013,4.0
2024-08-30,ACN,BUY,331.39199282884107,10,3313.9199282884106,NEW_CANDIDATE,,,,,,,,
2024-09-03,AMD,SELL,,29,,STOP_LOSS,2024-08-23,152.46186735147003,144.70213971819197,4421.394153192631,4196.3620518275675,-225.03210136506368,-5.089618648963267,11.0
2024-09-03,AFL,SELL,,32,,TAKE_PROFIT,2024-08-29,105.02317966136152,110.71693812779017,3360.741749163569,3542.9420200892855,182.20027092571672,5.421430283093405,5.0
2024-09-03,ADBE,BUY,568.9631055687688,6,3413.778633412613,NEW_CANDIDATE,,,,,,,,
2024-09-04,AFL,BUY,108.49476638539642,32,3471.8325243326854,NEW_CANDIDATE,,,,,,,,
2024-09-04,ABT,BUY,110.05241955876048,31,3411.625006321575,NEW_CANDIDATE,,,,,,,,
2024-09-06,ABBV,SELL,,24,,BEAR_WEAK_REDUCE,2024-08-15,188.04090789692896,185.20031071472167,4512.981789526295,4444.80745715332,-68.17433237297519,-1.5106272427509864,22.0
2024-09-06,AES,SELL,,271,,BEAR_WEAK_REDUCE,2024-08-23,16.71619791002571,15.078089381217957,4530.089633616967,4086.162222310066,-443.9274113069009,-9.799528203870333,14.0
2024-09-06,ADBE,SELL,,6,,STOP_LOSS,2024-09-03,568.9631055687688,560.4993983677456,3413.778633412613,3362.9963902064737,-50.782243206139356,-1.4875669649198797,3.0
2024-09-09,ABT,SELL,,31,,TAKE_PROFIT,2024-09-04,110.05241955876048,116.1233119419643,3411.625006321575,3599.8226702008933,188.1976638793185,5.516364299434944,5.0
2024-09-09,ABBV,BUY,184.44095244356825,13,2397.7323817663873,NEW_CANDIDATE,,,,,,,,
2024-09-10,ACN,SELL,,10,,TAKE_PROFIT,2024-08-30,331.39199282884107,345.29043927873886,3313.9199282884106,3452.9043927873886,138.984464498978,4.193959646175319,11.0
2024-09-10,ABBV,SELL,,13,,TAKE_PROFIT,2024-09-09,184.44095244356825,194.90267399379186,2397.7323817663873,2533.734761919294,136.00238015290688,5.672125095658723,1.0
2024-09-10,ABT,BUY,112.19863786979708,21,2356.1713952657387,NEW_CANDIDATE,,,,,,,,
2024-09-11,AMD,BUY,145.10038189725844,17,2466.7064922533937,NEW_CANDIDATE,,,,,,,,
2024-09-11,ACN,BUY,348.23264190941126,7,2437.628493365879,NEW_CANDIDATE,,,,,,,,
2024-09-12,ABT,SELL,,21,,TAKE_PROFIT,2024-09-10,112.19863786979708,117.17930548531668,2356.1713952657387,2460.7654151916504,104.59401992591165,4.439151588720272,2.0
2024-09-12,ACN,SELL,,7,,TAKE_PROFIT,2024-09-11,348.23264190941126,350.7566637311663,2437.628493365879,2455.296646118164,17.668152752285096,0.7248090839260292,1.0
2024-09-13,AMD,SELL,,17,,TAKE_PROFIT,2024-09-11,145.10038189725844,148.8621368408203,2466.7064922533937,2530.6563262939453,63.94983404055165,2.592518981945517,2.0
2024-09-13,ADBE,BUY,583.2049561537006,4,2332.819824614802,NEW_CANDIDATE,,,,,,,,
2024-09-13,ACN,BUY,345.77268122092147,7,2420.40876854645,NEW_CANDIDATE,,,,,,,,
2024-09-16,ADBE,SELL,,4,,STOP_LOSS,2024-09-13,583.2049561537006,566.0760432652065,2332.819824614802,2264.304173060826,-68.51565155397611,-2.937031434276734,3.0
2024-09-16,AMD,BUY,154.35600296222196,16,2469.6960473955514,NEW_CANDIDATE,,,,,,,,
2024-09-17,ACN,SELL,,7,,TAKE_PROFIT,2024-09-13,345.77268122092147,353.0488826206752,2420.40876854645,2471.3421783447266,50.93340979827644,2.1043309072485283,4.0
2024-09-17,AOS,BUY,78.82590712988159,31,2443.603121026329,NEW_CANDIDATE,,,,,,,,
2024-09-18,AOS,SELL,,31,,TAKE_PROFIT,2024-09-17,78.82590712988159,82.56766019548688,2443.603121026329,2559.597466060093,115.99434503376415,4.746856968534472,1.0
2024-09-18,AES,BUY,18.134651532472947,139,2520.7165630137397,NEW_CANDIDATE,,,,,,,,
2024-09-19,AMD,SELL,,16,,TAKE_PROFIT,2024-09-16,154.35600296222196,158.22928183419364,2469.6960473955514,2531.6685093470983,61.97246195154685,2.509315347404822,3.0
2024-09-19,AOS,BUY,80.303285791747,43,3453.041289045121,NEW_CANDIDATE,,,,,,,,
2024-09-19,A,BUY,139.4182752548198,25,3485.456881370495,NEW_CANDIDATE,,,,,,,,
2024-09-19,MMM,BUY,129.80938812607846,26,3375.04409127804,NEW_CANDIDATE,,,,,,,,
2024-09-20,AFL,SELL,,32,,BEAR_WEAK_REDUCE,2024-09-04,108.49476638539642,105.56788753509521,3471.8325243326854,3378.1724011230467,-93.66012320963864,-2.697714320987902,16.0
2024-09-23,MMM,SELL,,26,,TAKE_PROFIT,2024-09-19,129.80938812607846,135.57208164760044,3375.04409127804,3524.8741228376116,149.83003155957158,4.439350346467174,4.0
2024-09-24,AES,SELL,,139,,TAKE_PROFIT,2024-09-18,18.134651532472947,19.507362297603063,2520.7165630137397,2711.523359366826,190.80679635308616,7.56954586456796,6.0
2024-09-24,A,SELL,,25,,TAKE_PROFIT,2024-09-19,139.4182752548198,141.75174342564173,3485.456881370495,3543.793585641043,58.336704270548125,1.673717571499835,5.0
2024-09-24,AMD,BUY,155.1811003672184,15,2327.716505508276,NEW_CANDIDATE,,,,,,,,
2024-09-25,AOS,SELL,,43,,TAKE_PROFIT,2024-09-19,80.303285791747,84.51333160400391,3453.041289045121,3634.073258972168,181.0319699270467,5.242681878765138,6.0
2024-09-25,AFL,BUY,108.36208773760676,23,2492.3280179649555,NEW_CANDIDATE,,,,,,,,
2024-09-25,ADBE,BUY,517.2658754625893,4,2069.063501850357,NEW_CANDIDATE,,,,,,,,
2024-09-26,AMD,SELL,,15,,TAKE_PROFIT,2024-09-24,155.1811003672184,162.0750002179827,2327.716505508276,2431.125003269741,103.40849776146479,4.442486768331124,2.0
2024-09-26,AOS,BUY,83.3670905400265,29,2417.6456256607685,NEW_CANDIDATE,,,,,,,,
2024-09-27,AFL,SELL,,23,,TAKE_PROFIT,2024-09-25,108.36208773760676,109.84140069144112,2492.3280179649555,2526.352215903146,34.024197938190355,1.3651573024473684,2.0
2024-09-27,AOS,SELL,,29,,TAKE_PROFIT,2024-09-26,83.3670905400265,86.80874960763114,2417.6456256607685,2517.4537386213033,99.8081129605348,4.128318555092464,1.0
2024-09-27,AMD,BUY,170.73678896726992,14,2390.315045541779,NEW_CANDIDATE,,,,,,,,
2024-09-30,AOS,BUY,88.049455879284,39,3433.928779292076,NEW_CANDIDATE,,,,,,,,
2024-09-30,AES,BUY,18.604680680175438,187,3479.075287192807,NEW_CANDIDATE,,,,,,,,
2024-09-30,AFL,BUY,107.60943201643035,32,3443.501824525771,NEW_CANDIDATE,,,,,,,,
2024-09-30,ACN,BUY,342.78984241301623,10,3427.8984241301623,NEW_CANDIDATE,,,,,,,,
2024-10-01,AMD,SELL,,14,,STOP_LOSS,2024-09-27,170.73678896726992,159.62572043282645,2390.315045541779,2234.7600860595703,-155.5549594822087,-6.507717874777098,4.0
2024-10-01,AFL,SELL,,32,,TAKE_PROFIT,2024-09-30,107.60943201643035,111.98562534877232,3443.501824525771,3583.540011160714,140.03818663494303,4.06673769235562,1.0
2024-10-01,A,BUY,144.81590662171183,30,4344.477198651355,NEW_CANDIDATE,,,,,,,,
2024-10-01,MMM,BUY,135.98090215261303,33,4487.36977103623,NEW_CANDIDATE,,,,,,,,
2024-10-02,ACN,SELL,,10,,TAKE_PROFIT,2024-09-30,342.78984241301623,357.03731427873885,3427.8984241301623,3570.3731427873886,142.47471865722628,4.156328485532053,2.0
2024-10-02,AMD,BUY,157.18317141062144,28,4401.1287994974,NEW_CANDIDATE,,,,,,,,
2024-10-02,AFL,BUY,111.19572972513426,40,4447.829189005371,NEW_CANDIDATE,,,,,,,,
2024-10-03,ADBE,SELL,,4,,STOP_LOSS,2024-09-25,517.2658754625893,498.6717943464007,2069.063501850357,1994.6871773856028,-74.37632446475436,-3.5946854409369187,8.0
2024-10-03,ACN,BUY,350.25062623546916,12,4203.00751482563,NEW_CANDIDATE,,,,,,,,
2024-10-04,AMD,SELL,,28,,TAKE_PROFIT,2024-10-02,157.18317141062144,167.16749954223633,4401.1287994974,4680.689987182617,279.5611876852172,6.352033771816505,2.0
2024-10-04,ACN,SELL,,12,,TAKE_PROFIT,2024-10-03,350.25062623546916,366.9265441894531,4203.00751482563,4403.1185302734375,200.1110154478074,4.761138654688068,1.0
2024-10-04,ABBV,BUY,184.19689836606705,24,4420.72556078561,NEW_CANDIDATE,,,,,,,,
2024-10-07,A,SELL,,30,,STOP_LOSS,2024-10-01,144.81590662171183,142.9313953944615,4344.477198651355,4287.941861833845,-56.53533681751014,-1.301315077336814,6.0
2024-10-07,AMD,BUY,171.98274817965174,26,4471.551452670945,NEW_CANDIDATE,,,,,,,,
2024-10-07,ACN,BUY,362.85469147106954,12,4354.256297652834,NEW_CANDIDATE,,,,,,,,
2024-10-08,A,BUY,145.0709110216571,31,4497.198241671371,NEW_CANDIDATE,,,,,,,,
2024-10-10,AMD,SELL,,26,,STOP_LOSS,2024-10-07,171.98274817965174,165.20999363490515,4471.551452670945,4295.459834507534,-176.0916181634111,-3.9380429818878224,3.0
2024-10-11,AOS,SELL,,39,,STOP_LOSS,2024-09-30,88.049455879284,84.20453600202288,3433.928779292076,3283.9769040788924,-149.95187521318348,-4.36677301280829,11.0
2024-10-11,AMD,BUY,166.4835410871957,27,4495.055609354284,NEW_CANDIDATE,,,,,,,,
2024-10-14,ABT,BUY,111.3067902173346,39,4340.964818476049,NEW_CANDIDATE,,,,,,,,
2024-10-15,AMD,SELL,,27,,STOP_LOSS,2024-10-11,166.4835410871957,158.72213636125838,4495.055609354284,4285.497681753976,-209.55792760030727,-4.661965186019364,4.0
2024-10-16,A,SELL,,31,,STOP_LOSS,2024-10-08,145.0709110216571,138.9125246320452,4497.198241671371,4306.288263593401,-190.90997807796975,-4.245087003481052,8.0
2024-10-16,ADBE,BUY,513.5774327759033,8,4108.619462207226,NEW_CANDIDATE,,,,,,,,
2024-10-17,AFL,SELL,,40,,TAKE_PROFIT,2024-10-02,111.19572972513426,115.25669234139579,4447.829189005371,4610.267693655832,162.43850465046125,3.6520850452619555,15.0
2024-10-17,ACN,SELL,,12,,TAKE_PROFIT,2024-10-07,362.85469147106954,373.6365149361747,4354.256297652834,4483.638179234096,129.38188158126195,2.9713887455592674,10.0
2024-10-17,ADBE,SELL,,8,,STOP_LOSS,2024-10-16,513.5774327759033,496.6892809186663,4108.619462207226,3973.5142473493306,-135.1052148578956,-3.28833604817017,1.0
2024-10-17,AMD,BUY,156.77002823136306,28,4389.5607904781655,NEW_CANDIDATE,,,,,,,,
2024-10-18,ABT,SELL,,39,,TAKE_PROFIT,2024-10-14,111.3067902173346,118.56287493024554,4340.964818476049,4623.9521222795765,282.98730380352754,6.518995560596914,4.0
2024-10-18,ACN,BUY,370.256806346562,12,4443.081676158744,NEW_CANDIDATE,,,,,,,,
2024-10-18,AFL,BUY,112.38371350791591,39,4382.96482680872,NEW_CANDIDATE,,,,,,,,
2024-10-18,ADBE,BUY,489.5036987236615,9,4405.533288512954,NEW_CANDIDATE,,,,,,,,
2024-10-21,ABT,BUY,118.26520708046594,38,4494.077869057705,NEW_CANDIDATE,,,,,,,,
2024-10-22,MMM,SELL,,33,,TAKE_PROFIT,2024-10-01,135.98090215261303,140.0207247052874,4487.36977103623,4620.683915274484,133.3141442382539,2.970874945468753,21.0
2024-10-23,AES,SELL,,187,,NEUTRAL_BEARISH_REDUCE,2024-09-30,18.604680680175438,15.906966819763184,3479.075287192807,2974.6027952957156,-504.47249189709146,-14.500188994304281,23.0
2024-10-23,ADBE,SELL,,9,,STOP_LOSS,2024-10-18,489.5036987236615,485.03069850376676,4405.533288512954,4365.276286533901,-40.2570019790528,-0.9137827214702802,5.0
2024-10-24,ADBE,BUY,491.25266581761133,7,3438.7686607232795,NEW_CANDIDATE,,,,,,,,
2024-10-25,ACN,SELL,,12,,STOP_LOSS,2024-10-18,370.256806346562,359.88318089076455,4443.081676158744,4318.598170689174,-124.48350546956954,-2.801737949980507,7.0
2024-10-25,ABT,SELL,,38,,STOP_LOSS,2024-10-21,118.26520708046594,113.4105475289481,4494.077869057705,4309.6008061000275,-184.47706295767784,-4.10489244585248,4.0
2024-10-28,ACN,BUY,352.7259508788806,12,4232.711410546567,NEW_CANDIDATE,,,,,,,,
2024-10-28,A,BUY,131.3351391433106,34,4465.394730872561,NEW_CANDIDATE,,,,,,,,
2024-10-28,ABT,BUY,111.12093162148211,40,4444.837264859285,NEW_CANDIDATE,,,,,,,,
2024-10-28,AES,BUY,16.12854902117686,284,4580.507922014228,NEW_CANDIDATE,,,,,,,,
2024-10-29,AMD,SELL,,28,,TAKE_PROFIT,2024-10-17,156.77002823136306,164.77429144723075,4389.5607904781655,4613.680160522461,224.11937004429547,5.1057356474127245,12.0
2024-10-30,ABBV,SELL,,24,,NEUTRAL_BEARISH_REDUCE,2024-10-04,184.19689836606705,194.49776664733886,4420.72556078561,4667.946399536133,247.2208387505234,5.592313645151717,26.0
2024-10-30,ACN,SELL,,12,,STOP_LOSS,2024-10-28,352.7259508788806,347.50700814383373,4232.711410546567,4170.084097726005,-62.62731282056211,-1.479602711975941,2.0
2024-10-31,AFL,SELL,,39,,STOP_LOSS,2024-10-18,112.38371350791591,109.09006990705217,4382.96482680872,4254.512726375035,-128.4521004336857,-2.930712554387824,13.0
2024-10-31,ABBV,BUY,197.72384830693042,17,3361.305421217817,NEW_CANDIDATE,,,,,,,,
2024-11-01,A,SELL,,34,,TAKE_PROFIT,2024-10-28,131.3351391433106,133.89207676478796,4465.394730872561,4552.33061000279,86.9358791302293,1.946880049129309,4.0
2024-11-01,MMM,BUY,123.61691030819905,27,3337.6565783213746,NEW_CANDIDATE,,,,,,,,
2024-11-04,ABT,SELL,,40,,TAKE_PROFIT,2024-10-28,111.12093162148211,117.5985883985247,4444.837264859285,4703.943535940988,259.1062710817032,5.829375872322426,7.0
2024-11-04,A,BUY,134.79470943150073,33,4448.225411239524,NEW_CANDIDATE,,,,,,,,
2024-11-04,ACN,BUY,347.4443586182247,13,4516.776662036921,NEW_CANDIDATE,,,,,,,,
2024-11-04,AOS,BUY,72.6490037002009,60,4358.940222012054,NEW_CANDIDATE,,,,,,,,
2024-11-05,ABT,BUY,115.64925859159396,38,4394.67182648057,NEW_CANDIDATE,,,,,,,,
2024-11-06,ADBE,SELL,,7,,TAKE_PROFIT,2024-10-24,491.25266581761133,498.63971557617185,3438.7686607232795,3490.478009033203,51.70934830992337,1.5037169816200224,13.0
2024-11-06,ABBV,SELL,,17,,TAKE_PROFIT,2024-10-31,197.72384830693042,205.2048854282924,3361.305421217817,3488.483052280971,127.17763106315397,3.7835785543426423,6.0
2024-11-06,A,SELL,,33,,TAKE_PROFIT,2024-11-04,134.79470943150073,141.5665397644043,4448.225411239524,4671.695812225342,223.47040098581783,5.023810178799966,2.0
2024-11-06,AOS,SELL,,60,,TAKE_PROFIT,2024-11-04,72.6490037002009,77.8944753919329,4358.940222012054,4673.668523515974,314.7283015039202,7.220294050250682,2.0
2024-11-07,AES,SELL,,284,,STOP_LOSS,2024-10-28,16.12854902117686,14.435172966548375,4580.507922014228,4099.589122499739,-480.91879951448936,-10.499246103323202,10.0
2024-11-07,ACN,SELL,,13,,TAKE_PROFIT,2024-11-04,347.4443586182247,353.2872194562639,4516.776662036921,4592.733852931431,75.95719089450995,1.6816680694647341,3.0
2024-11-07,A,BUY,138.82816203931176,36,4997.813833415224,NEW_CANDIDATE,,,,,,,,
2024-11-07,ADBE,BUY,500.0718920371219,9,4500.647028334098,NEW_CANDIDATE,,,,,,,,
2024-11-07,ABBV,BUY,193.32316329753223,25,4833.079082438306,NEW_CANDIDATE,,,,,,,,
2024-11-07,AOS,BUY,73.52385043009077,66,4852.574128385992,NEW_CANDIDATE,,,,,,,,
2024-11-08,MMM,SELL,,27,,TAKE_PROFIT,2024-11-01,123.61691030819905,131.28045349121095,3337.6565783213746,3544.5722442626957,206.9156659413211,6.199429482507942,7.0
2024-11-08,ADBE,SELL,,9,,STOP_LOSS,2024-11-07,500.0718920371219,495.7128426688058,4500.647028334098,4461.4155840192525,-39.23144431484525,-0.8716845393087105,1.0
2024-11-08,ACN,BUY,357.8672002362624,14,5010.140803307674,NEW_CANDIDATE,,,,,,,,
2024-11-08,AMD,BUY,150.03910681393714,33,4951.290524859925,NEW_CANDIDATE,,,,,,,,
2024-11-11,ABBV,SELL,,25,,STOP_LOSS,2024-11-07,193.32316329753223,185.1533976963588,4833.079082438306,4628.83494240897,-204.24414002933554,-4.225963129208588,4.0
2024-11-11,MMM,BUY,131.45554765886305,37,4863.855263377933,NEW_CANDIDATE,,,,,,,,
2024-11-11,ADBE,BUY,499.3030531379877,10,4993.030531379877,NEW_CANDIDATE,,,,,,,,
2024-11-12,AMD,SELL,,33,,STOP_LOSS,2024-11-08,150.03910681393714,144.3571548461914,4951.290524859925,4763.786109924316,-187.50441493560902,-3.7869806668416737,4.0
2024-11-12,ADBE,SELL,,10,,TAKE_PROFIT,2024-11-11,499.3030531379877,514.4899945940291,4993.030531379877,5144.899945940291,151.86941456041404,3.0416279973846527,1.0
2024-11-12,AFL,BUY,106.12371519198591,46,4881.690898831352,NEW_CANDIDATE,,,,,,,,
2024-11-13,A,SELL,,36,,STOP_LOSS,2024-11-07,138.82816203931176,132.8166231427874,4997.813833415224,4781.398433140346,-216.41540027487736,-4.330201313781055,6.0
2024-11-13,ADBE,BUY,528.9000805910146,9,4760.100725319131,NEW_CANDIDATE,,,,,,,,
2024-11-13,AMD,BUY,145.23972370297972,34,4938.15060590131,NEW_CANDIDATE,,,,,,,,
2024-11-14,A,BUY,134.23326843252164,37,4966.630932003301,NEW_CANDIDATE,,,,,,,,
2024-11-15,ADBE,SELL,,9,,STOP_LOSS,2024-11-13,528.9000805910146,515.1599818638393,4760.100725319131,4636.439836774554,-123.66088854457666,-2.5978628537589628,2.0
2024-11-15,A,SELL,,37,,STOP_LOSS,2024-11-14,134.23326843252164,129.1811785016741,4966.630932003301,4779.7036045619425,-186.9273274413581,-3.7636645444472476,1.0
2024-11-18,AOS,SELL,,66,,STOP_LOSS,2024-11-07,73.52385043009077,71.93125207083565,4852.574128385992,4747.462636675154,-105.11149171083798,-2.1660975995393805,11.0
2024-11-18,AMD,SELL,,34,,STOP_LOSS,2024-11-13,145.23972370297972,138.21500832693917,4938.15060590131,4699.310283115932,-238.8403227853778,-4.836635045110875,5.0
2024-11-18,A,BUY,125.43128409213493,35,4390.094943224723,NEW_CANDIDATE,,,,,,,,
2024-11-18,ADBE,BUY,504.44171330697986,8,4035.533706455839,NEW_CANDIDATE,,,,,,,,
2024-11-19,AMD,BUY,139.31648621012891,32,4458.127558724125,NEW_CANDIDATE,,,,,,,,
2024-11-19,ABBV,BUY,162.74426158451365,28,4556.839324366382,NEW_CANDIDATE,,,,,,,,
2024-11-21,MMM,SELL,,37,,STOP_LOSS,2024-11-11,131.45554765886305,126.6740003313337,4863.855263377933,4686.938012259347,-176.91725111858614,-3.637387248150095,10.0
2024-11-22,A,SELL,,35,,TAKE_PROFIT,2024-11-18,125.43128409213493,132.35719272068567,4390.094943224723,4632.501745223999,242.40680199927647,5.521675615999725,4.0
2024-11-22,ABBV,SELL,,28,,TAKE_PROFIT,2024-11-19,162.74426158451365,175.54272787911552,4556.839324366382,4915.196380615234,358.35705624885213,7.8641582627818645,3.0
2024-11-22,MMM,BUY,125.58941814976332,35,4395.629635241716,NEW_CANDIDATE,,,,,,,,
2024-11-25,A,BUY,132.14416257212886,33,4360.757364880253,NEW_CANDIDATE,,,,,,,,
2024-11-25,ABBV,BUY,173.6642949120792,26,4515.27166771406,NEW_CANDIDATE,,,,,,,,
2024-11-26,ADBE,SELL,,8,,TAKE_PROFIT,2024-11-18,504.44171330697986,524.4739205496652,4035.533706455839,4195.791364397322,160.25765794148265,3.9711639054113386,8.0
2024-11-26,MMM,SELL,,35,,TAKE_PROFIT,2024-11-22,125.58941814976332,131.35558782305037,4395.629635241716,4597.445573806763,201.81593856504696,4.59128623910893,4.0
2024-11-27,AFL,SELL,,46,,TAKE_PROFIT,2024-11-12,106.12371519198591,115.15305982317244,4881.690898831352,5297.040751865932,415.3498530345805,8.50831938445781,15.0
2024-11-27,A,SELL,,33,,TAKE_PROFIT,2024-11-25,132.14416257212886,138.23531014578683,4360.757364880253,4561.765234810965,201.00786993071233,4.609471546148086,2.0
2024-11-27,MMM,BUY,133.55966510506795,34,4541.02861357231,NEW_CANDIDATE,,,,,,,,
2024-11-27,AOS,BUY,71.76521772732148,62,4449.443499093932,NEW_CANDIDATE,,,,,,,,
2024-11-29,A,BUY,136.7365623395545,32,4375.569994865744,NEW_CANDIDATE,,,,,,,,
2024-11-29,AFL,BUY,110.85006079777453,40,4434.002431910982,NEW_CANDIDATE,,,,,,,,
2024-12-03,ACN,SELL,,14,,STOP_LOSS,2024-11-08,357.8672002362624,346.9649200439453,5010.140803307674,4857.508880615234,-152.63192269243973,-3.046459744038985,25.0
2024-12-03,AFL,SELL,,40,,STOP_LOSS,2024-11-29,110.85006079777453,108.99407795497349,4434.002431910982,4359.76311819894,-74.23931371204162,-1.674318290349825,4.0
2024-12-04,ADBE,BUY,511.86434063169463,8,4094.914725053557,NEW_CANDIDATE,,,,,,,,
2024-12-04,ACN,BUY,350.02338838434605,12,4200.280660612152,NEW_CANDIDATE,,,,,,,,
2024-12-05,ADBE,SELL,,8,,TAKE_PROFIT,2024-12-04,511.86434063169463,535.077513558524,4094.914725053557,4280.620108468192,185.70538341463453,4.535024436002284,1.0
2024-12-06,ACN,SELL,,12,,TAKE_PROFIT,2024-12-04,350.02338838434605,361.4586879185268,4200.280660612152,4337.504255022322,137.22359441016943,3.2670101237989737,2.0
2024-12-06,ADBE,BUY,540.0623552585993,8,4320.498842068794,NEW_CANDIDATE,,,,,,,,
2024-12-09,AMD,SELL,,32,,STOP_LOSS,2024-11-19,139.31648621012891,133.62071010044642,4458.127558724125,4275.862723214285,-182.26483550983994,-4.088371925409923,20.0
2024-12-09,A,SELL,,32,,TAKE_PROFIT,2024-11-29,136.7365623395545,142.9528089250837,4375.569994865744,4574.489885602678,198.91989073693458,4.546148066888325,10.0
2024-12-09,ACN,BUY,364.4297934393055,12,4373.157521271666,NEW_CANDIDATE,,,,,,,,
2024-12-10,MMM,SELL,,34,,STOP_LOSS,2024-11-27,133.55966510506795,127.65303530011859,4541.02861357231,4340.203200204032,-200.82541336827762,-4.422465270710846,13.0
2024-12-10,A,BUY,145.73903902636278,31,4517.910209817246,NEW_CANDIDATE,,,,,,,,
2024-12-10,AES,BUY,12.89013413530293,351,4524.437081491328,NEW_CANDIDATE,,,,,,,,
2024-12-11,MMM,BUY,126.6355838752738,35,4432.2454356345825,NEW_CANDIDATE,,,,,,,,
2024-12-12,ADBE,SELL,,8,,STOP_LOSS,2024-12-06,540.0623552585993,525.2949632917132,4320.498842068794,4202.359706333706,-118.13913573508853,-2.7343864690985478,6.0
2024-12-13,A,SELL,,31,,STOP_LOSS,2024-12-10,145.73903902636278,138.75431169782365,4517.910209817246,4301.383662632533,-216.5265471847133,-4.7926261729197135,3.0
2024-12-13,AMD,BUY,132.3468028988994,34,4499.79129856258,NEW_CANDIDATE,,,,,,,,
2024-12-16,AMD,SELL,,34,,STOP_LOSS,2024-12-13,132.3468028988994,126.21929005214146,4499.79129856258,4291.45586177281,-208.33543678977003,-4.62989109864542,3.0
2024-12-16,A,BUY,138.87315245994597,32,4443.940878718271,NEW_CANDIDATE,,,,,,,,
2024-12-17,AMD,BUY,124.48898765710676,35,4357.114567998737,NEW_CANDIDATE,,,,,,,,
2024-12-18,ABT,SELL,,38,,STOP_LOSS,2024-11-05,115.64925859159396,111.85302298409599,4394.67182648057,4250.414873395647,-144.25695308492323,-3.282542105093886,43.0
2024-12-18,AOS,SELL,,62,,STOP_LOSS,2024-11-27,71.76521772732148,70.31006567818778,4449.443499093932,4359.224072047643,-90.21942704628873,-2.02765642635221,21.0
2024-12-18,A,SELL,,32,,STOP_LOSS,2024-12-16,138.87315245994597,134.00998905726843,4443.940878718271,4288.31964983259,-155.62122888568138,-3.5018744203133036,2.0
2024-12-19,ACN,SELL,,12,,TAKE_PROFIT,2024-12-09,364.4297934393055,371.4539544241769,4373.157521271666,4457.4474530901225,84.28993181845635,1.9274387306759022,10.0
2024-12-19,AMD,SELL,,35,,STOP_LOSS,2024-12-17,124.48898765710676,121.94642966134207,4357.114567998737,4268.125038146973,-88.98952985176402,-2.042395912775774,2.0
2024-12-19,ABT,BUY,111.21263063690469,40,4448.505225476188,NEW_CANDIDATE,,,,,,,,
2024-12-19,A,BUY,130.7784895517762,34,4446.468644760391,NEW_CANDIDATE,,,,,,,,
2024-12-19,AFL,BUY,100.16933018136505,45,4507.619858161427,NEW_CANDIDATE,,,,,,,,
2024-12-20,ABT,SELL,,40,,TAKE_PROFIT,2024-12-19,111.21263063690469,113.90658378601074,4448.505225476188,4556.26335144043,107.75812596424203,2.4223445967225343,1.0
2024-12-20,AFL,SELL,,45,,TAKE_PROFIT,2024-12-19,100.16933018136505,102.85220255170549,4507.619858161427,4628.349114826747,120.72925666531955,2.678337137208432,1.0
2024-12-20,ACN,BUY,374.08945614525703,12,4489.073473743085,NEW_CANDIDATE,,,,,,,,
2024-12-20,AMD,BUY,118.73460580049287,37,4393.180414618237,NEW_CANDIDATE,,,,,,,,
2024-12-23,ACN,SELL,,12,,STOP_LOSS,2024-12-20,374.08945614525703,355.84434509277344,4489.073473743085,4270.132141113281,-218.94133262980358,-4.8772053723425834,3.0
2024-12-23,ABT,BUY,110.70608822104116,40,4428.243528841646,NEW_CANDIDATE,,,,,,,,
2024-12-23,AFL,BUY,100.77869254935686,44,4434.262472171702,NEW_CANDIDATE,,,,,,,,
2024-12-24,AMD,SELL,,37,,TAKE_PROFIT,2024-12-20,118.73460580049287,126.23214203970771,4393.180414618237,4670.589255469185,277.40884085094876,6.314533314586293,4.0
2024-12-24,ACN,BUY,354.46816955944,12,4253.61803471328,NEW_CANDIDATE,,,,,,,,
2024-12-26,AMD,BUY,128.28621022503802,35,4490.017357876331,NEW_CANDIDATE,,,,,,,,
2024-12-31,AMD,SELL,,35,,STOP_LOSS,2024-12-26,128.28621022503802,121.1707147870745,4490.017357876331,4240.975017547607,-249.04234032872318,-5.546578564821276,5.0
