date,regime,regime_changed,signals_generated,buy_orders,sell_orders,positions_open,portfolio_value,cash,exposure_pct
2023-01-03,NEUTRAL_BULLISH,False,0,0,0,0,100000.0,100000.0,0.0
2023-01-04,NEUTRAL_BULLISH,False,0,0,0,0,100000.0,100000.0,0.0
2023-01-05,NEUTRAL_BULLISH,False,0,0,0,0,100000.0,100000.0,0.0
2023-01-06,NEUTRAL_BULLISH,False,0,0,0,0,100000.0,100000.0,0.0
2023-01-09,NEUTRAL_BULLISH,False,0,0,0,0,100000.0,100000.0,0.0
2023-01-10,NEUTRAL_BULLISH,False,0,0,0,0,100000.0,100000.0,0.0
2023-01-11,NEUTRAL_BULLISH,False,0,0,0,0,100000.0,100000.0,0.0
2023-01-12,NEUTRAL_BULLISH,False,0,0,0,0,100000.0,100000.0,0.0
2023-01-13,NEUTRAL_BULLISH,False,0,0,0,0,100000.0,100000.0,0.0
2023-01-17,NEUTRAL_BULLISH,False,0,0,0,0,100000.0,100000.0,0.0
2023-01-18,NEUTRAL_BULLISH,False,0,0,0,0,100000.0,100000.0,0.0
2023-01-19,NEUTRAL_BULLISH,False,0,0,0,0,100000.0,100000.0,0.0
2023-01-20,NEUTRAL_BULLISH,False,0,0,0,0,100000.0,100000.0,0.0
2023-01-23,NEUTRAL_BULLISH,False,0,0,0,0,100000.0,100000.0,0.0
2023-01-24,NEUTRAL_BULLISH,False,0,0,0,0,100000.0,100000.0,0.0
2023-01-25,NEUTRAL_BULLISH,False,0,0,0,0,100000.0,100000.0,0.0
2023-01-26,NEUTRAL_BULLISH,False,0,0,0,0,100000.0,100000.0,0.0
2023-01-27,NEUTRAL_BULLISH,False,0,0,0,0,100000.0,100000.0,0.0
2023-01-30,NEUTRAL_BULLISH,False,0,0,0,0,100000.0,100000.0,0.0
2023-01-31,NEUTRAL_BULLISH,False,0,0,0,0,100000.0,100000.0,0.0
2023-02-01,NEUTRAL_BULLISH,False,0,0,0,0,100000.0,100000.0,0.0
2023-02-02,NEUTRAL_BULLISH,False,0,0,0,0,100000.0,100000.0,0.0
2023-02-03,NEUTRAL_BULLISH,False,0,0,0,0,100000.0,100000.0,0.0
2023-02-06,NEUTRAL_BULLISH,False,0,0,0,0,100000.0,100000.0,0.0
2023-02-07,NEUTRAL_BULLISH,False,0,0,0,0,100000.0,100000.0,0.0
2023-02-08,NEUTRAL_BULLISH,False,0,0,0,0,100000.0,100000.0,0.0
2023-02-09,NEUTRAL_BULLISH,False,0,0,0,0,100000.0,100000.0,0.0
2023-02-10,NEUTRAL_BULLISH,False,0,0,0,0,100000.0,100000.0,0.0
2023-02-13,NEUTRAL_BULLISH,False,0,0,0,0,100000.0,100000.0,0.0
2023-02-14,NEUTRAL_BULLISH,False,0,0,0,0,100000.0,100000.0,0.0
2023-02-15,NEUTRAL_BULLISH,False,0,0,0,0,100000.0,100000.0,0.0
2023-02-16,NEUTRAL_BULLISH,False,0,0,0,0,100000.0,100000.0,0.0
2023-02-17,NEUTRAL_BULLISH,False,0,0,0,0,100000.0,100000.0,0.0
2023-02-21,NEUTRAL_BULLISH,False,0,0,0,0,100000.0,100000.0,0.0
2023-02-22,NEUTRAL_BULLISH,False,0,0,0,0,100000.0,100000.0,0.0
2023-02-23,NEUTRAL_BULLISH,False,0,0,0,0,100000.0,100000.0,0.0
2023-02-24,NEUTRAL_BULLISH,False,0,0,0,0,100000.0,100000.0,0.0
2023-02-27,NEUTRAL_BULLISH,False,0,0,0,0,100000.0,100000.0,0.0
2023-02-28,NEUTRAL_BULLISH,False,0,0,0,0,100000.0,100000.0,0.0
2023-03-01,NEUTRAL_BULLISH,False,0,0,0,0,100000.0,100000.0,0.0
2023-03-02,NEUTRAL_BULLISH,False,0,0,0,0,100000.0,100000.0,0.0
2023-03-03,NEUTRAL_BULLISH,False,0,0,0,0,100000.0,100000.0,0.0
2023-03-06,NEUTRAL_BULLISH,False,0,0,0,0,100000.0,100000.0,0.0
2023-03-07,NEUTRAL_BULLISH,False,0,0,0,0,100000.0,100000.0,0.0
2023-03-08,NEUTRAL_BULLISH,False,0,0,0,0,100000.0,100000.0,0.0
2023-03-09,NEUTRAL_BULLISH,False,0,0,0,0,100000.0,100000.0,0.0
2023-03-10,NEUTRAL_BULLISH,False,0,0,0,0,100000.0,100000.0,0.0
2023-03-13,NEUTRAL_BULLISH,False,0,0,0,0,100000.0,100000.0,0.0
2023-03-14,NEUTRAL_BULLISH,False,0,0,0,0,100000.0,100000.0,0.0
2023-03-15,NEUTRAL_BULLISH,False,0,0,0,0,100000.0,100000.0,0.0
2023-03-16,NEUTRAL_BULLISH,False,0,0,0,0,100000.0,100000.0,0.0
2023-03-17,NEUTRAL_BULLISH,False,0,0,0,0,100000.0,100000.0,0.0
2023-03-20,NEUTRAL_BULLISH,False,0,0,0,0,100000.0,100000.0,0.0
2023-03-21,NEUTRAL_BULLISH,False,0,0,0,0,100000.0,100000.0,0.0
2023-03-22,NEUTRAL_BULLISH,False,0,0,0,0,100000.0,100000.0,0.0
2023-03-23,NEUTRAL_BULLISH,False,0,0,0,0,100000.0,100000.0,0.0
2023-03-24,NEUTRAL_BULLISH,False,0,0,0,0,100000.0,100000.0,0.0
2023-03-27,NEUTRAL_BULLISH,False,0,0,0,0,100000.0,100000.0,0.0
2023-03-28,NEUTRAL_BULLISH,False,0,0,0,0,100000.0,100000.0,0.0
2023-03-29,NEUTRAL_BULLISH,False,0,0,0,0,100000.0,100000.0,0.0
2023-03-30,NEUTRAL_BULLISH,False,0,0,0,0,100000.0,100000.0,0.0
2023-03-31,NEUTRAL_BULLISH,False,0,0,0,0,100000.0,100000.0,0.0
2023-04-03,NEUTRAL_BULLISH,False,0,0,0,0,100000.0,100000.0,0.0
2023-04-04,NEUTRAL_BULLISH,False,0,0,0,0,100000.0,100000.0,0.0
2023-04-05,NEUTRAL_BULLISH,False,0,0,0,0,100000.0,100000.0,0.0
2023-04-06,NEUTRAL_BULLISH,False,0,0,0,0,100000.0,100000.0,0.0
2023-04-10,NEUTRAL_BULLISH,False,0,0,0,0,100000.0,100000.0,0.0
2023-04-11,NEUTRAL_BULLISH,False,0,0,0,0,100000.0,100000.0,0.0
2023-04-12,NEUTRAL_BULLISH,False,0,0,0,0,100000.0,100000.0,0.0
2023-04-13,NEUTRAL_BULLISH,False,0,0,0,0,100000.0,100000.0,0.0
2023-04-14,NEUTRAL_BULLISH,False,0,0,0,0,100000.0,100000.0,0.0
2023-04-17,NEUTRAL_BULLISH,False,0,0,0,0,100000.0,100000.0,0.0
2023-04-18,NEUTRAL_BULLISH,False,0,0,0,0,100000.0,100000.0,0.0
2023-04-19,NEUTRAL_BULLISH,False,0,0,0,0,100000.0,100000.0,0.0
2023-04-20,NEUTRAL_BULLISH,False,0,0,0,0,100000.0,100000.0,0.0
2023-04-21,NEUTRAL_BULLISH,False,0,0,0,0,100000.0,100000.0,0.0
2023-04-24,NEUTRAL_BULLISH,False,0,0,0,0,100000.0,100000.0,0.0
2023-04-25,NEUTRAL_BULLISH,False,0,0,0,0,100000.0,100000.0,0.0
2023-04-26,NEUTRAL_BULLISH,False,0,0,0,0,100000.0,100000.0,0.0
2023-04-27,NEUTRAL_BULLISH,False,0,0,0,0,100000.0,100000.0,0.0
2023-04-28,NEUTRAL_BULLISH,False,0,0,0,0,100000.0,100000.0,0.0
2023-05-01,NEUTRAL_BULLISH,False,0,0,0,0,100000.0,100000.0,0.0
2023-05-02,NEUTRAL_BULLISH,False,0,0,0,0,100000.0,100000.0,0.0
2023-05-03,NEUTRAL_BULLISH,False,0,0,0,0,100000.0,100000.0,0.0
2023-05-04,NEUTRAL_BULLISH,False,0,0,0,0,100000.0,100000.0,0.0
2023-05-05,NEUTRAL_BULLISH,False,0,0,0,0,100000.0,100000.0,0.0
2023-05-08,NEUTRAL_BULLISH,False,0,0,0,0,100000.0,100000.0,0.0
2023-05-09,NEUTRAL_BULLISH,False,0,0,0,0,100000.0,100000.0,0.0
2023-05-10,NEUTRAL_BULLISH,False,0,0,0,0,100000.0,100000.0,0.0
2023-05-11,NEUTRAL_BULLISH,False,0,0,0,0,100000.0,100000.0,0.0
2023-05-12,NEUTRAL_BULLISH,False,0,0,0,0,100000.0,100000.0,0.0
2023-05-15,NEUTRAL_BULLISH,False,0,0,0,0,100000.0,100000.0,0.0
2023-05-16,NEUTRAL_BULLISH,False,0,0,0,0,100000.0,100000.0,0.0
2023-05-17,NEUTRAL_BULLISH,False,0,0,0,0,100000.0,100000.0,0.0
2023-05-18,NEUTRAL_BULLISH,False,0,0,0,0,100000.0,100000.0,0.0
2023-05-19,NEUTRAL_BULLISH,False,0,0,0,0,100000.0,100000.0,0.0
2023-05-22,NEUTRAL_BULLISH,False,0,0,0,0,100000.0,100000.0,0.0
2023-05-23,NEUTRAL_BULLISH,False,0,0,0,0,100000.0,100000.0,0.0
2023-05-24,NEUTRAL_BULLISH,False,0,0,0,0,100000.0,100000.0,0.0
2023-05-25,NEUTRAL_BULLISH,False,0,0,0,0,100000.0,100000.0,0.0
2023-05-26,NEUTRAL_BULLISH,False,0,0,0,0,100000.0,100000.0,0.0
2023-05-30,NEUTRAL_BULLISH,False,0,0,0,0,100000.0,100000.0,0.0
2023-05-31,NEUTRAL_BULLISH,False,0,0,0,0,100000.0,100000.0,0.0
2023-06-01,NEUTRAL_BULLISH,False,0,0,0,0,100000.0,100000.0,0.0
2023-06-02,NEUTRAL_BULLISH,False,0,0,0,0,100000.0,100000.0,0.0
2023-06-05,NEUTRAL_BULLISH,False,0,0,0,0,100000.0,100000.0,0.0
2023-06-06,NEUTRAL_BULLISH,False,0,0,0,0,100000.0,100000.0,0.0
2023-06-07,NEUTRAL_BULLISH,False,0,0,0,0,100000.0,100000.0,0.0
2023-06-08,NEUTRAL_BULLISH,False,0,0,0,0,100000.0,100000.0,0.0
2023-06-09,NEUTRAL_BULLISH,False,0,0,0,0,100000.0,100000.0,0.0
2023-06-12,NEUTRAL_BULLISH,False,0,0,0,0,100000.0,100000.0,0.0
2023-06-13,NEUTRAL_BULLISH,False,0,0,0,0,100000.0,100000.0,0.0
2023-06-14,NEUTRAL_BULLISH,False,0,0,0,0,100000.0,100000.0,0.0
2023-06-15,NEUTRAL_BULLISH,False,0,0,0,0,100000.0,100000.0,0.0
2023-06-16,NEUTRAL_BULLISH,False,0,0,0,0,100000.0,100000.0,0.0
2023-06-20,NEUTRAL_BULLISH,False,0,0,0,0,100000.0,100000.0,0.0
2023-06-21,NEUTRAL_BULLISH,False,0,0,0,0,100000.0,100000.0,0.0
2023-06-22,NEUTRAL_BULLISH,False,0,0,0,0,100000.0,100000.0,0.0
2023-06-23,NEUTRAL_BULLISH,False,0,0,0,0,100000.0,100000.0,0.0
2023-06-26,NEUTRAL_BULLISH,False,0,0,0,0,100000.0,100000.0,0.0
2023-06-27,NEUTRAL_BULLISH,False,0,0,0,0,100000.0,100000.0,0.0
2023-06-28,NEUTRAL_BULLISH,False,0,0,0,0,100000.0,100000.0,0.0
2023-06-29,NEUTRAL_BULLISH,False,0,0,0,0,100000.0,100000.0,0.0
2023-06-30,NEUTRAL_BULLISH,False,0,0,0,0,100000.0,100000.0,0.0
2023-07-03,NEUTRAL_BEARISH,True,0,0,0,0,100000.0,100000.0,0.0
2023-07-05,BULL_WEAK,True,0,0,0,0,100000.0,100000.0,0.0
2023-07-06,BULL_WEAK,False,0,0,0,0,100000.0,100000.0,0.0
2023-07-07,BULL_WEAK,False,0,0,0,0,100000.0,100000.0,0.0
2023-07-10,BULL_WEAK,False,0,0,0,0,100000.0,100000.0,0.0
2023-07-11,BULL_WEAK,False,0,0,0,0,100000.0,100000.0,0.0
2023-07-12,BULL_WEAK,False,0,0,0,0,100000.0,100000.0,0.0
2023-07-13,BULL_WEAK,False,0,0,0,0,100000.0,100000.0,0.0
2023-07-14,BULL_WEAK,False,0,0,0,0,100000.0,100000.0,0.0
2023-07-17,BULL_WEAK,False,0,0,0,0,100000.0,100000.0,0.0
2023-07-18,BULL_WEAK,False,0,0,0,0,100000.0,100000.0,0.0
2023-07-19,BULL_WEAK,False,0,0,0,0,100000.0,100000.0,0.0
2023-07-20,BULL_WEAK,False,0,0,0,0,100000.0,100000.0,0.0
2023-07-21,BULL_WEAK,False,0,0,0,0,100000.0,100000.0,0.0
2023-07-24,BULL_WEAK,False,0,0,0,0,100000.0,100000.0,0.0
2023-07-25,BULL_WEAK,False,0,0,0,0,100000.0,100000.0,0.0
2023-07-26,BULL_WEAK,False,0,0,0,0,100000.0,100000.0,0.0
2023-07-27,BULL_WEAK,False,0,0,0,0,100000.0,100000.0,0.0
2023-07-28,BULL_WEAK,False,0,0,0,0,100000.0,100000.0,0.0
2023-07-31,BULL_WEAK,False,0,0,0,0,100000.0,100000.0,0.0
2023-08-01,BULL_WEAK,False,0,0,0,0,100000.0,100000.0,0.0
2023-08-02,BULL_WEAK,False,0,0,0,0,100000.0,100000.0,0.0
2023-08-03,BULL_WEAK,False,0,0,0,0,100000.0,100000.0,0.0
2023-08-04,BULL_WEAK,False,0,0,0,0,100000.0,100000.0,0.0
2023-08-07,BULL_WEAK,False,0,0,0,0,100000.0,100000.0,0.0
2023-08-08,BULL_WEAK,False,0,0,0,0,100000.0,100000.0,0.0
2023-08-09,BULL_WEAK,False,0,0,0,0,100000.0,100000.0,0.0
2023-08-10,BULL_WEAK,False,0,0,0,0,100000.0,100000.0,0.0
2023-08-11,BULL_WEAK,False,0,0,0,0,100000.0,100000.0,0.0
2023-08-14,BULL_WEAK,False,0,0,0,0,100000.0,100000.0,0.0
2023-08-15,BULL_WEAK,False,0,0,0,0,100000.0,100000.0,0.0
2023-08-16,BULL_WEAK,False,0,0,0,0,100000.0,100000.0,0.0
2023-08-17,BULL_WEAK,False,0,0,0,0,100000.0,100000.0,0.0
2023-08-18,BULL_WEAK,False,0,0,0,0,100000.0,100000.0,0.0
2023-08-21,BULL_WEAK,False,0,0,0,0,100000.0,100000.0,0.0
2023-08-22,BULL_WEAK,False,0,0,0,0,100000.0,100000.0,0.0
2023-08-23,BULL_WEAK,False,0,0,0,0,100000.0,100000.0,0.0
2023-08-24,BULL_WEAK,False,0,0,0,0,100000.0,100000.0,0.0
2023-08-25,BULL_WEAK,False,0,0,0,0,100000.0,100000.0,0.0
2023-08-28,BULL_WEAK,False,0,0,0,0,100000.0,100000.0,0.0
2023-08-29,BULL_WEAK,False,0,0,0,0,100000.0,100000.0,0.0
2023-08-30,BULL_WEAK,False,0,0,0,0,100000.0,100000.0,0.0
2023-08-31,BULL_WEAK,False,0,0,0,0,100000.0,100000.0,0.0
2023-09-01,BULL_WEAK,False,0,0,0,0,100000.0,100000.0,0.0
2023-09-05,BULL_WEAK,False,0,0,0,0,100000.0,100000.0,0.0
2023-09-06,BULL_WEAK,False,0,0,0,0,100000.0,100000.0,0.0
2023-09-07,BULL_WEAK,False,0,0,0,0,100000.0,100000.0,0.0
2023-09-08,BULL_WEAK,False,0,0,0,0,100000.0,100000.0,0.0
2023-09-11,BULL_WEAK,False,0,0,0,0,100000.0,100000.0,0.0
2023-09-12,BULL_WEAK,False,0,0,0,0,100000.0,100000.0,0.0
2023-09-13,BULL_WEAK,False,0,0,0,0,100000.0,100000.0,0.0
2023-09-14,BULL_WEAK,False,0,0,0,0,100000.0,100000.0,0.0
2023-09-15,BULL_WEAK,False,0,0,0,0,100000.0,100000.0,0.0
2023-09-18,BULL_WEAK,False,0,0,0,0,100000.0,100000.0,0.0
2023-09-19,BULL_WEAK,False,0,0,0,0,100000.0,100000.0,0.0
2023-09-20,BULL_WEAK,False,0,0,0,0,100000.0,100000.0,0.0
2023-09-21,BULL_WEAK,False,0,0,0,0,100000.0,100000.0,0.0
2023-09-22,BULL_WEAK,False,0,0,0,0,100000.0,100000.0,0.0
2023-09-25,BULL_WEAK,False,0,0,0,0,100000.0,100000.0,0.0
2023-09-26,BULL_WEAK,False,0,0,0,0,100000.0,100000.0,0.0
2023-09-27,BULL_WEAK,False,0,0,0,0,100000.0,100000.0,0.0
2023-09-28,BULL_WEAK,False,0,0,0,0,100000.0,100000.0,0.0
2023-09-29,BULL_WEAK,False,0,0,0,0,100000.0,100000.0,0.0
2023-10-02,BULL_WEAK,False,0,0,0,0,100000.0,100000.0,0.0
2023-10-03,BULL_WEAK,False,0,0,0,0,100000.0,100000.0,0.0
2023-10-04,BULL_WEAK,False,0,0,0,0,100000.0,100000.0,0.0
2023-10-05,BULL_WEAK,False,0,0,0,0,100000.0,100000.0,0.0
2023-10-06,BULL_WEAK,False,0,0,0,0,100000.0,100000.0,0.0
2023-10-09,BULL_WEAK,False,0,0,0,0,100000.0,100000.0,0.0
2023-10-10,BULL_WEAK,False,0,0,0,0,100000.0,100000.0,0.0
2023-10-11,BULL_WEAK,False,0,0,0,0,100000.0,100000.0,0.0
2023-10-12,BULL_WEAK,False,0,0,0,0,100000.0,100000.0,0.0
2023-10-13,BULL_WEAK,False,0,0,0,0,100000.0,100000.0,0.0
2023-10-16,BULL_WEAK,False,0,0,0,0,100000.0,100000.0,0.0
2023-10-17,BULL_WEAK,False,0,0,0,0,100000.0,100000.0,0.0
2023-10-18,BULL_WEAK,False,0,0,0,0,100000.0,100000.0,0.0
2023-10-19,BULL_WEAK,False,0,0,0,0,100000.0,100000.0,0.0
2023-10-20,BULL_WEAK,False,0,0,0,0,100000.0,100000.0,0.0
2023-10-23,BULL_WEAK,False,0,0,0,0,100000.0,100000.0,0.0
2023-10-24,BULL_WEAK,False,0,0,0,0,100000.0,100000.0,0.0
2023-10-25,BULL_WEAK,False,0,0,0,0,100000.0,100000.0,0.0
2023-10-26,NEUTRAL_BULLISH,True,0,0,0,0,100000.0,100000.0,0.0
2023-10-27,NEUTRAL_BULLISH,False,0,0,0,0,100000.0,100000.0,0.0
2023-10-30,NEUTRAL_BULLISH,False,0,0,0,0,100000.0,100000.0,0.0
2023-10-31,BULL_WEAK,True,0,0,0,0,100000.0,100000.0,0.0
2023-11-01,BULL_WEAK,False,0,0,0,0,100000.0,100000.0,0.0
2023-11-02,NEUTRAL_BULLISH,True,0,0,0,0,100000.0,100000.0,0.0
2023-11-03,BULL_WEAK,True,0,0,0,0,100000.0,100000.0,0.0
2023-11-06,BULL_WEAK,False,0,0,0,0,100000.0,100000.0,0.0
2023-11-07,BULL_WEAK,False,0,0,0,0,100000.0,100000.0,0.0
2023-11-08,BULL_WEAK,False,0,0,0,0,100000.0,100000.0,0.0
2023-11-09,BULL_WEAK,False,0,0,0,0,100000.0,100000.0,0.0
2023-11-10,BULL_WEAK,False,0,0,0,0,100000.0,100000.0,0.0
2023-11-13,BULL_WEAK,False,0,0,0,0,100000.0,100000.0,0.0
2023-11-14,BULL_WEAK,False,0,0,0,0,100000.0,100000.0,0.0
2023-11-15,BULL_WEAK,False,0,0,0,0,100000.0,100000.0,0.0
2023-11-16,BULL_WEAK,False,0,0,0,0,100000.0,100000.0,0.0
2023-11-17,BULL_WEAK,False,0,0,0,0,100000.0,100000.0,0.0
2023-11-20,BULL_WEAK,False,0,0,0,0,100000.0,100000.0,0.0
2023-11-21,BULL_WEAK,False,0,0,0,0,100000.0,100000.0,0.0
2023-11-22,BULL_WEAK,False,0,0,0,0,100000.0,100000.0,0.0
2023-11-24,BULL_WEAK,False,0,0,0,0,100000.0,100000.0,0.0
2023-11-27,BULL_WEAK,False,0,0,0,0,100000.0,100000.0,0.0
2023-11-28,BULL_WEAK,False,0,0,0,0,100000.0,100000.0,0.0
2023-11-29,BULL_WEAK,False,0,0,0,0,100000.0,100000.0,0.0
2023-11-30,BULL_WEAK,False,0,0,0,0,100000.0,100000.0,0.0
2023-12-01,BULL_WEAK,False,0,0,0,0,100000.0,100000.0,0.0
2023-12-04,BULL_WEAK,False,0,0,0,0,100000.0,100000.0,0.0
2023-12-05,BULL_WEAK,False,0,0,0,0,100000.0,100000.0,0.0
2023-12-06,BULL_WEAK,False,0,0,0,0,100000.0,100000.0,0.0
2023-12-07,BULL_WEAK,False,0,0,0,0,100000.0,100000.0,0.0
2023-12-08,BULL_WEAK,False,0,0,0,0,100000.0,100000.0,0.0
2023-12-11,BULL_WEAK,False,0,0,0,0,100000.0,100000.0,0.0
2023-12-12,BULL_WEAK,False,0,0,0,0,100000.0,100000.0,0.0
2023-12-13,BULL_WEAK,False,0,0,0,0,100000.0,100000.0,0.0
2023-12-14,BULL_WEAK,False,0,0,0,0,100000.0,100000.0,0.0
2023-12-15,BULL_WEAK,False,0,0,0,0,100000.0,100000.0,0.0
2023-12-18,BULL_WEAK,False,0,0,0,0,100000.0,100000.0,0.0
2023-12-19,BULL_WEAK,False,0,0,0,0,100000.0,100000.0,0.0
2023-12-20,BULL_WEAK,False,0,0,0,0,100000.0,100000.0,0.0
2023-12-21,BULL_WEAK,False,0,0,0,0,100000.0,100000.0,0.0
2023-12-22,BULL_WEAK,False,0,0,0,0,100000.0,100000.0,0.0
2023-12-26,BULL_WEAK,False,0,0,0,0,100000.0,100000.0,0.0
2023-12-27,BULL_WEAK,False,0,0,0,0,100000.0,100000.0,0.0
2023-12-28,BULL_WEAK,False,0,0,0,0,100000.0,100000.0,0.0
2023-12-29,BULL_WEAK,False,0,0,0,0,100000.0,100000.0,0.0
2024-01-02,BULL_WEAK,False,0,0,0,0,100000.0,100000.0,0.0
2024-01-03,BULL_WEAK,False,136,10,0,10,99562.65288486567,21315.954741860303,78.59041103845425
2024-01-04,BULL_WEAK,False,139,0,0,10,99975.94004383174,21315.954741860303,78.67891541453383
2024-01-05,BULL_WEAK,False,142,0,0,10,100350.29596653071,21315.954741860303,78.75845353862265
2024-01-08,BULL_WEAK,False,142,0,0,10,102927.88444461909,21315.954741860303,79.29039846016707
2024-01-09,BULL_WEAK,False,141,0,0,10,103928.67302265254,21315.954741860303,79.48982304699086
2024-01-10,BULL_WEAK,False,144,2,3,9,105150.90934807394,32241.51518303487,69.33786366382438
2024-01-11,BULL_WEAK,False,135,0,1,8,105072.45408694693,41254.446205782384,60.73714413137764
2024-01-12,BULL_WEAK,False,125,1,1,8,104868.36392725864,39839.99732722202,62.00951761309368
2024-01-16,BULL_WEAK,False,123,0,0,8,104400.5239995853,39839.99732722202,61.839274554426304
2024-01-17,BULL_WEAK,False,124,2,2,8,103452.07705214203,39128.414422060865,62.17725584925733
2024-01-18,BULL_WEAK,False,136,0,0,8,104263.04784681977,39128.414422060865,62.471445799716896
2024-01-19,BULL_WEAK,False,138,1,1,8,107274.4645590112,41140.97214262937,61.6488674059073
2024-01-22,BULL_WEAK,False,149,0,1,7,108692.03859333719,50027.311573073515,53.97334319926889
2024-01-23,BULL_WEAK,False,143,0,0,7,108521.23968128885,50027.311573073515,53.900902975310196
2024-01-24,BULL_WEAK,False,142,0,0,7,108711.65238194192,50027.311573073515,53.98164734235652
2024-01-25,BULL_WEAK,False,153,0,0,7,109180.44224934305,50027.311573073515,54.17923710290289
2024-01-26,BULL_WEAK,False,150,0,0,7,109409.70838551248,50027.311573073515,54.27525371258744
2024-01-29,BULL_WEAK,False,151,0,0,7,110619.19032673562,50027.311573073515,54.775196396476986
2024-01-30,BULL_WEAK,False,154,1,1,7,111517.50547943593,49207.899198155406,55.87428270870939
2024-01-31,BULL_WEAK,False,139,3,0,10,111195.46150759504,23026.69190386579,79.29169806782717
2024-02-01,BULL_WEAK,False,289,1,1,10,113278.58432537018,25274.692876395573,77.68802194437826
2024-02-02,BULL_WEAK,False,293,2,2,10,115611.73472319345,25794.835686785977,77.68839318210563
2024-02-05,BULL_WEAK,False,290,0,0,10,116922.38166914682,25794.835686785977,77.9384961899107
2024-02-06,BULL_WEAK,False,291,0,0,10,116759.87889967661,25794.835686785977,77.90779167478442
2024-02-07,BULL_WEAK,False,297,0,1,9,119352.01549073336,35095.584742747524,70.59489561324385
2024-02-08,BULL_WEAK,False,300,0,1,8,120193.77189012678,44456.76921220929,63.01241860281351
2024-02-09,BULL_WEAK,False,301,2,1,9,121237.26093186064,35194.41520584746,70.97062822490861
2024-02-12,BULL_WEAK,False,295,2,1,10,121833.1153457034,27974.262448059355,77.0388679886565
2024-02-13,BULL_WEAK,False,283,1,3,8,118804.81086082362,45373.15523643397,61.80865496298185
2024-02-14,BULL_WEAK,False,292,1,0,9,121143.40685238918,35715.09542050441,70.51833331381992
2024-02-15,BULL_WEAK,False,296,1,3,7,121076.01669705832,52376.85403073752,56.74052098873676
2024-02-16,BULL_WEAK,False,294,2,1,8,120485.92789101851,45784.77243447553,61.999900539514776
2024-02-20,BULL_WEAK,False,285,0,1,7,118872.64342833991,54787.348369135805,53.91088581102908
2024-02-21,BULL_WEAK,False,285,0,1,6,117385.99436902578,63600.69627332266,45.81917833112061
2024-02-22,BULL_WEAK,False,295,1,0,7,122508.95122405543,53792.10156890407,56.09128881486855
2024-02-23,BULL_WEAK,False,296,0,0,7,120508.52233764186,53792.10156890407,55.36240879446777
2024-02-26,BULL_WEAK,False,291,0,0,7,122257.00579711451,53792.10156890407,56.00080239313888
2024-02-27,BULL_WEAK,False,295,0,0,7,123014.87767669215,53792.10156890407,56.271873301146115
2024-02-28,BULL_WEAK,False,294,2,1,8,123083.0068894924,46942.12977615012,61.861404784905716
2024-02-29,BULL_WEAK,False,303,0,0,8,125673.70389571799,46942.12977615012,62.64761177477355
2024-03-01,BULL_WEAK,False,292,0,0,8,128191.59666457785,46942.12977615012,63.381273813932246
2024-03-04,BULL_WEAK,False,305,4,3,9,135337.36335890854,39019.674622946615,71.16858666777169
2024-03-05,BULL_WEAK,False,302,1,1,9,133014.45112263208,38011.831035962154,71.42278097218376
2024-03-06,BULL_WEAK,False,305,0,0,9,137187.4241565371,38011.831035962154,72.29204406331814
2024-03-07,BULL_WEAK,False,304,0,0,9,139565.66437565332,38011.831035962154,72.76419583139736
2024-03-08,BULL_WEAK,False,300,1,2,8,141696.04352232613,53002.50320479072,62.59422501346026
2024-03-11,BULL_WEAK,False,295,1,2,7,141589.78981036873,68130.43855304453,51.881813904596065
2024-03-12,BULL_WEAK,False,294,0,0,7,143679.4473573658,68130.43855304453,52.58163933245963
2024-03-13,BULL_WEAK,False,300,0,0,7,145236.6410066578,68130.43855304453,53.09004802037431
2024-03-14,BULL_WEAK,False,290,1,1,7,143059.2085288721,66439.80073010502,53.55783006677534
2024-03-15,NEUTRAL_BULLISH,True,275,0,0,7,143850.98638379155,66439.80073010502,53.81345488111916
2024-03-18,NEUTRAL_BULLISH,False,280,1,1,7,141668.5293239734,64748.027973570555,54.29611058818708
2024-03-19,NEUTRAL_BULLISH,False,297,1,1,7,138202.8921174424,63398.231083812,54.12669726915894
2024-03-20,NEUTRAL_BULLISH,False,301,0,1,6,141894.5924912897,75909.37297835023,46.502983908276846
2024-03-21,BULL_WEAK,True,306,1,0,7,143756.70556377465,64404.79089855249,55.198757062514446
2024-03-22,NEUTRAL_BULLISH,True,287,0,0,7,142709.43839763696,64404.79089855249,54.86998503974287
2024-03-25,BULL_WEAK,True,298,0,1,6,147152.02934029303,77995.00185921392,46.99699201643466
2024-03-26,BULL_WEAK,False,297,0,0,6,146930.21291496954,77995.00185921392,46.91697486047293
2024-03-27,BULL_WEAK,False,305,0,0,6,146817.55415871344,77995.00185921392,46.876242213584774
2024-03-28,BULL_WEAK,False,305,0,0,6,145118.62268593512,77995.00185921392,46.25431222014127
2024-04-01,BULL_WEAK,False,186,1,0,7,144785.42080584957,66382.32108203365,54.151239321914034
2024-04-02,BULL_WEAK,False,179,0,0,7,144646.3095807214,66382.32108203365,54.1071450253708
2024-04-03,BULL_WEAK,False,183,0,0,7,145806.44203082516,66382.32108203365,54.47229892078453
2024-04-04,BULL_WEAK,False,164,0,1,6,145632.62685218512,77299.96499839482,46.92125887638275
2024-04-05,BULL_WEAK,False,173,1,0,7,145406.72674852936,65877.43588549225,54.69436843907324
2024-04-08,BULL_WEAK,False,177,0,0,7,147074.17355639068,65877.43588549225,55.20801899306016
2024-04-09,BULL_WEAK,False,174,1,1,7,145347.86939272293,67992.03192171463,53.221170557372645
2024-04-10,BULL_WEAK,False,164,0,0,7,146730.53759416947,67992.03192171463,53.66197586642224
2024-04-11,BULL_WEAK,False,167,0,0,7,148181.15057787308,67992.03192171463,54.11559995548622
2024-04-12,BULL_WEAK,False,160,0,0,7,145528.6480258406,67992.03192171463,53.279280166444124
2024-04-15,BULL_WEAK,False,155,1,1,7,142053.69501226797,67475.16088217152,52.50024233699499
2024-04-16,BULL_WEAK,False,149,3,2,8,141781.60556901814,54509.4776889217,61.55391422592762
2024-04-17,BULL_WEAK,False,146,1,0,9,139505.1469153351,43353.882423300194,68.92309468007556
2024-04-18,BULL_WEAK,False,143,1,1,9,138976.60703510512,42813.08696407545,69.19403353021781
2024-04-19,BULL_WEAK,False,140,2,3,8,134653.21209109802,51240.49715007322,61.94632392771508
2024-04-22,BULL_WEAK,False,145,1,0,9,137147.64062929264,40306.97337961309,70.61052367020879
2024-04-23,BULL_WEAK,False,153,0,0,9,140530.47882318607,40306.97337961309,71.31798474099924
2024-04-24,BULL_WEAK,False,153,0,0,9,139055.35721445194,40306.97337961309,71.01372130708245
2024-04-25,BULL_WEAK,False,151,1,1,9,138965.7508767225,37641.25802927987,72.91328417843637
2024-04-26,BULL_WEAK,False,146,0,1,8,143430.83592282183,50339.13145886311,64.90355010832546
2024-04-29,BULL_WEAK,False,145,0,0,8,143237.3787370766,50339.13145886311,64.85614865148817
2024-04-30,BULL_WEAK,False,138,0,0,8,138419.29185353167,50339.13145886311,63.63286447662987
2024-05-01,BULL_WEAK,False,409,3,1,10,136182.64123045283,25488.598525870613,81.2835187395595
2024-05-02,BULL_WEAK,False,414,0,0,10,138468.75781523067,25488.598525870613,81.59252749282118
2024-05-03,BULL_WEAK,False,421,0,0,10,139445.51212774593,25488.598525870613,81.72146371944868
2024-05-06,BULL_WEAK,False,419,0,0,10,142906.88065897304,25488.598525870613,82.1641908294846
2024-05-07,BULL_WEAK,False,421,0,1,9,137896.0777834129,35582.07374269483,74.1964569880066
2024-05-08,BULL_WEAK,False,422,1,2,8,136812.72537887358,45444.539686086406,66.78339711438575
2024-05-09,BULL_WEAK,False,429,2,1,9,138749.2694115372,37485.36006686407,72.98338202006627
2024-05-10,BULL_WEAK,False,436,0,0,9,137656.063891861,37485.36006686407,72.76882760768783
2024-05-13,BULL_WEAK,False,435,0,0,9,137586.3829388352,37485.36006686407,72.7550363152374
2024-05-14,BULL_WEAK,False,432,0,0,9,138960.6979632111,37485.36006686407,73.02448777510598
2024-05-15,BULL_WEAK,False,439,1,0,10,143473.6977979002,25983.94145119763,81.88940422529633
2024-05-16,BULL_WEAK,False,440,0,0,10,140947.01521599866,25983.94145119763,81.56474515520763
2024-05-17,BULL_WEAK,False,441,0,0,10,142631.1599055586,25983.94145119763,81.78242295133646
2024-05-20,BULL_WEAK,False,442,0,0,10,147134.31290925122,25983.94145119763,82.33998518943444
2024-05-21,BULL_WEAK,False,441,0,0,10,146902.22889817334,25983.94145119763,82.31208495195219
2024-05-22,BULL_WEAK,False,436,0,0,10,145270.74545205213,25983.94145119763,82.11343834552439
2024-05-23,BULL_WEAK,False,433,0,1,9,142668.42983239697,39741.82461446331,72.14392514086617
2024-05-24,BULL_WEAK,False,432,0,0,9,146634.32609361218,39741.82461446331,72.89732515353063
2024-05-28,BULL_WEAK,False,426,0,0,9,147618.71849530743,39741.82461446331,73.07805878579914
2024-05-29,BULL_WEAK,False,428,1,0,10,145157.10533437473,28138.413902375534,80.6152004495008
2024-05-30,BULL_WEAK,False,424,0,0,10,144098.8654948209,28138.413902375534,80.47284147189427
2024-05-31,BULL_WEAK,False,426,0,1,9,142642.88523474726,38686.956575308155,72.87845341066883
2024-06-03,BULL_WEAK,False,326,0,0,9,144169.7869757751,38686.956575308155,73.1656976216461
2024-06-04,BULL_WEAK,False,321,0,1,8,146101.53757384967,51134.05513862324,65.00101505586375
2024-06-05,BULL_WEAK,False,320,0,0,8,148635.87990668963,51134.05513862324,65.59777143262848
2024-06-06,BULL_WEAK,False,316,0,0,8,148217.0311823244,51134.05513862324,65.50055366058282
2024-06-07,BULL_WEAK,False,309,1,0,9,146303.05723464902,39418.37840354855,73.05703711965009
2024-06-10,BULL_WEAK,False,311,0,0,9,147579.32320297178,39418.37840354855,73.29003985921871
2024-06-11,BULL_WEAK,False,308,1,0,10,146334.0492758937,27931.342139739507,80.91261584166332
2024-06-12,BULL_WEAK,False,308,0,0,10,149064.05145599318,27931.342139739507,81.26218771936074
2024-06-13,BULL_WEAK,False,306,0,0,10,147551.91877319288,27931.342139739507,81.07016000064782
2024-06-14,BULL_WEAK,False,296,0,1,9,143985.69787503593,38397.69425107351,73.3322859021744
2024-06-17,BULL_WEAK,False,300,1,1,9,145659.72701159306,37145.367060573786,74.49853310680902
2024-06-18,BULL_WEAK,False,302,0,1,8,146029.63720164623,50558.146013596896,65.37816091141603
2024-06-20,BULL_WEAK,False,306,0,0,8,145467.06334910716,50558.146013596896,65.24426571239556
2024-06-21,BULL_WEAK,False,310,0,0,8,144963.04846415843,50558.146013596896,65.12342521128946
2024-06-24,BULL_WEAK,False,320,3,2,9,141721.2086504607,37771.01716028736,73.3483664724838
2024-06-25,NEUTRAL_BULLISH,True,298,0,1,8,145355.50936516604,51018.14908608279,64.90112462272509
2024-06-26,BULL_WEAK,True,312,1,0,9,144770.97906089394,39497.68534827797,72.71712493450477
2024-06-27,NEUTRAL_BULLISH,True,316,0,0,9,146572.7677419242,39497.68534827797,73.052507667848
2024-06-28,BULL_WEAK,True,330,1,1,9,145397.83068448282,38093.193099796525,73.80071427443798
2024-07-01,BULL_WEAK,False,171,2,1,10,145740.09197018718,25995.709951144214,82.16296586634382
2024-07-02,BULL_WEAK,False,175,0,0,10,145475.42780087565,25995.709951144214,82.13051486143303
2024-07-03,BULL_WEAK,False,170,0,0,10,146656.29051373576,25995.709951144214,82.27439828180472
2024-07-05,NEUTRAL_BULLISH,True,161,0,0,10,146767.45806286906,25995.709951144214,82.28782436225833
2024-07-08,NEUTRAL_BULLISH,False,163,0,0,10,147908.4080750761,25995.709951144214,82.42445423525268
2024-07-09,NEUTRAL_BULLISH,False,161,0,0,10,148924.30312893962,25995.709951144214,82.54434675538688
2024-07-10,NEUTRAL_BULLISH,False,170,0,0,10,150477.06912015055,25995.709951144214,82.7244708425391
2024-07-11,NEUTRAL_BULLISH,False,181,0,0,10,149152.14269421672,25995.709951144214,82.57101139710802
2024-07-12,NEUTRAL_BULLISH,False,184,0,0,10,151370.1107613859,25995.709951144214,82.82639166980404
2024-07-15,NEUTRAL_BULLISH,False,187,0,0,10,154638.27263043498,25995.709951144214,83.18934277462442
2024-07-16,NEUTRAL_BULLISH,False,201,0,1,9,155241.55723845234,39661.78569685688,74.45156670521152
2024-07-17,NEUTRAL_BULLISH,False,193,0,0,9,151654.2396496462,39661.78569685688,73.8472292047462
2024-07-18,NEUTRAL_BULLISH,False,180,0,1,8,149389.59797080787,50759.4590891245,66.02209271689492
2024-07-19,NEUTRAL_BULLISH,False,169,0,0,8,150684.2545984629,50759.4590891245,66.31402582546782
2024-07-22,NEUTRAL_BULLISH,False,178,0,0,8,151635.4641168955,50759.4590891245,66.52533799745281
2024-07-23,NEUTRAL_BULLISH,False,169,0,0,8,151019.20788749488,50759.4590891245,66.3887396847301
2024-07-24,NEUTRAL_BULLISH,False,161,0,0,8,145776.8942354563,50759.4590891245,65.18003806066912
2024-07-25,NEUTRAL_BULLISH,False,159,0,1,7,144450.19249225158,61204.205248599246,57.62954400224681
2024-07-26,NEUTRAL_BULLISH,False,181,0,0,7,146207.65802264708,61204.205248599246,58.13885122274587
2024-07-29,NEUTRAL_BULLISH,False,178,0,0,7,145145.0193469574,61204.205248599246,57.83237652661333
2024-07-30,NEUTRAL_BULLISH,False,179,0,0,7,143306.29632831115,61204.205248599246,57.29133554021805
2024-07-31,NEUTRAL_BULLISH,False,176,0,0,7,144698.3647677948,61204.205248599246,57.70221360357672
2024-08-01,NEUTRAL_BULLISH,False,81,2,1,8,141990.87044536928,49330.09386455873,65.25826364059203
2024-08-02,NEUTRAL_BULLISH,False,68,0,2,6,137792.9952275877,68723.3486096983,50.1256587853465
2024-08-05,NEUTRAL_BULLISH,False,53,2,2,6,134930.1511730736,67810.88801236803,49.74371004343747
2024-08-06,NEUTRAL_BULLISH,False,58,0,0,6,134855.61452527696,67810.88801236803,49.715932665408054
2024-08-07,NEUTRAL_BULLISH,False,55,0,0,6,134537.93345304186,67810.88801236803,49.597198149296496
2024-08-08,NEUTRAL_BULLISH,False,58,1,0,7,136299.5053442477,56906.77692971218,58.24872820632445
2024-08-09,NEUTRAL_BULLISH,False,58,0,0,7,136608.96296677578,56906.77692971218,58.34330654896173
2024-08-12,NEUTRAL_BULLISH,False,60,0,0,7,137314.9654425143,56906.77692971218,58.557483704472325
2024-08-13,NEUTRAL_BULLISH,False,57,0,0,7,137798.61001000393,56906.77692971218,58.70293834924688
2024-08-14,NEUTRAL_BULLISH,False,58,0,0,7,138285.39251122464,56906.77692971218,58.84830935769803
2024-08-15,NEUTRAL_BULLISH,False,67,0,0,7,139261.85380158413,56906.77692971218,59.136852356718485
2024-08-16,NEUTRAL_BULLISH,False,71,0,0,7,139732.0021990298,56906.77692971218,59.274342287992134
2024-08-19,NEUTRAL_BULLISH,False,71,0,0,7,140678.884744501,56906.77692971218,59.548458865688715
2024-08-20,NEUTRAL_BULLISH,False,67,0,0,7,139687.20364556302,56906.77692971218,59.26128131671583
2024-08-21,NEUTRAL_BULLISH,False,73,0,0,7,139843.6256922244,56906.77692971218,59.30684959859681
2024-08-22,NEUTRAL_BULLISH,False,73,0,1,6,139753.25268730856,67111.43815216757,51.97862170526627
2024-08-23,NEUTRAL_BULLISH,False,74,2,1,7,140856.1759057897,56858.12684687552,59.6339127615501
2024-08-26,NEUTRAL_BULLISH,False,75,0,0,7,140297.295622434,56858.12684687552,59.47311272493001
2024-08-27,NEUTRAL_BULLISH,False,76,0,0,7,140307.7128110784,56858.12684687552,59.47612165595352
2024-08-28,BULL_WEAK,True,81,1,1,7,140544.56113825343,59702.290165047874,57.52073955653195
2024-08-29,BULL_WEAK,False,93,1,0,8,141346.66077301398,48522.58413574592,65.67122005544408
2024-08-30,BULL_WEAK,False,111,0,0,8,142166.07450363532,48522.58413574592,65.86908353124349
2024-09-03,BULL_WEAK,False,179,1,0,9,140831.34524053504,37345.81951230933,73.48188398788355
2024-09-04,BULL_WEAK,False,173,2,1,10,139888.12971813488,25950.412955592146,81.44916726824465
2024-09-05,BULL_WEAK,False,169,0,1,9,138465.38193695294,36462.719148561824,73.66654492372375
2024-09-06,BULL_WEAK,False,156,0,0,9,138065.70185463177,36462.719148561824,73.59031340965976
2024-09-09,BULL_WEAK,False,160,1,0,10,140415.07882866653,25218.867208335712,82.03977278030973
2024-09-10,BULL_WEAK,False,159,0,0,10,140448.95462975296,25218.867208335712,82.04410472486828
2024-09-11,BULL_WEAK,False,158,0,0,10,139898.3926409224,25218.867208335712,81.97344034318888
2024-09-12,BULL_WEAK,False,155,0,0,10,140594.25488457474,25218.867208335712,82.06266164357858
2024-09-13,BULL_WEAK,False,158,0,0,10,142455.10222420486,25218.867208335712,82.29697159695644
2024-09-16,BULL_WEAK,False,161,0,1,9,142778.63710444758,38925.61165278744,72.73708977603422
2024-09-17,BULL_WEAK,False,158,0,0,9,142261.2214969952,38925.61165278744,72.63793235909365
2024-09-18,BULL_WEAK,False,156,0,0,9,142587.31128733943,38925.61165278744,72.70050798956072
2024-09-19,BULL_WEAK,False,165,0,0,9,143832.54956477473,38925.61165278744,72.93685485616915
2024-09-20,BULL_WEAK,False,164,0,0,9,143774.92951625178,38925.61165278744,72.92600887807257
2024-09-23,BULL_WEAK,False,162,0,0,9,144816.6571621258,38925.61165278744,73.12076358093998
2024-09-24,BULL_WEAK,False,163,0,0,9,144999.98370784114,38925.61165278744,73.15474756795959
2024-09-25,BULL_WEAK,False,163,0,1,8,145008.66748102393,51464.227753240746,64.50955060325934
2024-09-26,BULL_WEAK,False,165,1,0,9,146128.4960318074,39782.333460854,72.77578669379126
2024-09-27,BULL_WEAK,False,166,1,1,9,146881.5785191605,43575.216176326045,70.33309648790184
2024-09-30,BULL_WEAK,False,166,0,0,9,146976.09898882604,43575.216176326045,70.35217530189118
2024-10-01,BULL_WEAK,False,429,2,1,10,147364.38766611676,30738.239842783023,79.14133778886485
2024-10-02,BULL_WEAK,False,430,0,0,10,148263.48805369,30738.239842783023,79.26782902095766
2024-10-03,BULL_WEAK,False,435,0,0,10,147964.90009821515,30738.239842783023,79.22599223033315
2024-10-04,BULL_WEAK,False,437,0,0,10,149631.9852651463,30738.239842783023,79.45744034050261
2024-10-07,BULL_WEAK,False,438,0,0,10,147815.1155828343,30738.239842783023,79.20494144216423
2024-10-08,BULL_WEAK,False,436,0,0,10,147547.50557077985,30738.239842783023,79.16722500738068
2024-10-09,BULL_WEAK,False,438,0,0,10,147733.46855677228,30738.239842783023,79.19344875398315
2024-10-10,BULL_WEAK,False,436,0,0,10,147644.4159368382,30738.239842783023,79.18089915711222
2024-10-11,BULL_WEAK,False,434,0,0,10,148947.35659540753,30738.239842783023,79.36301754835522
2024-10-14,BULL_WEAK,False,435,0,0,10,148911.83201349835,30738.239842783023,79.35809436553255
2024-10-15,BULL_WEAK,False,434,0,1,9,147640.36973867723,41628.971629241176,71.8038015598821
2024-10-16,BULL_WEAK,False,437,0,0,9,148728.15295706101,41628.971629241176,72.01002580778382
2024-10-17,BULL_WEAK,False,435,0,0,9,147991.15993032762,41628.971629241176,71.87063629419515
2024-10-18,BULL_WEAK,False,433,0,0,9,148292.85747061082,41628.971629241176,71.92786467312402
2024-10-21,BULL_WEAK,False,431,0,0,9,147818.38563070603,41628.971629241176,71.83775790026374
2024-10-22,BULL_WEAK,False,428,0,0,9,146734.39060507127,41628.971629241176,71.62971035107671
2024-10-23,BULL_WEAK,False,426,1,0,10,146339.10702524654,29946.004325966744,79.536567541853
2024-10-24,BULL_WEAK,False,425,0,0,10,146294.50627909176,29946.004325966744,79.53032886358864
2024-10-25,BULL_WEAK,False,424,0,0,10,145787.71903238766,29946.004325966744,79.45917219590076
2024-10-28,BULL_WEAK,False,426,0,0,10,146315.06781778805,29946.004325966744,79.53320544999528
2024-10-29,BULL_WEAK,False,424,0,0,10,145519.53422556393,29946.004325966744,79.42131653641175
2024-10-30,BULL_WEAK,False,423,0,0,10,145407.69908152096,29946.004325966744,79.40548917621074
2024-10-31,BULL_WEAK,False,421,0,0,10,143552.2026673364,29946.004325966744,79.13929304494008
2024-11-01,BULL_WEAK,False,376,0,0,10,143394.20239267818,29946.004325966744,79.1163074752764
2024-11-04,BULL_WEAK,False,377,0,0,10,142566.8195420312,29946.004325966744,78.9951095057303
2024-11-05,BULL_WEAK,False,384,1,1,10,146298.71846600686,32047.641489230733,78.09437989255036
2024-11-06,BULL_WEAK,False,384,1,1,10,150654.72497889263,35540.603064982715,76.40923438016158
2024-11-07,BULL_WEAK,False,385,0,0,10,150509.5637354539,35540.603064982715,76.38648190659076
2024-11-08,BULL_WEAK,False,382,0,0,10,152896.74184366924,35540.603064982715,76.75515996192938
2024-11-11,BULL_WEAK,False,383,1,1,10,154692.40128881778,36747.38956243839,76.24486448185046
2024-11-12,BULL_WEAK,False,381,0,0,10,154665.526979278,36747.38956243839,76.2407368467042
2024-11-13,BULL_WEAK,False,381,0,0,10,153376.16084081974,36747.38956243839,76.04100313830622
2024-11-14,BULL_WEAK,False,378,0,0,10,151812.34202368106,36747.38956243839,75.79420153026413
2024-11-15,BULL_WEAK,False,370,0,0,10,152054.07659323062,36747.38956243839,75.83268374925348
2024-11-18,BULL_WEAK,False,371,0,0,10,153526.97792990055,36747.38956243839,76.06453923738601
2024-11-19,BULL_WEAK,False,372,0,0,10,154080.34928686466,36747.38956243839,76.1505021681755
2024-11-20,BULL_WEAK,False,376,1,1,10,155686.55392279013,39468.12709631308,74.64898149400457
2024-11-21,BULL_WEAK,False,382,0,1,9,155199.078511998,50204.3749864548,67.65162817472938
2024-11-22,BULL_WEAK,False,389,0,0,9,156003.43610553438,50204.3749864548,67.81841718377783
2024-11-25,BULL_WEAK,False,387,1,1,9,155398.91911585024,48448.3625400751,68.82323067900059
2024-11-26,BULL_WEAK,False,392,0,0,9,155085.9664447992,48448.3625400751,68.76031813147992
2024-11-27,BULL_WEAK,False,399,0,0,9,155956.5567348688,48448.3625400751,68.93470620639638
2024-11-29,BULL_WEAK,False,402,0,0,9,156521.47603494814,48448.3625400751,69.04682745947429
2024-12-02,BULL_WEAK,False,374,0,0,9,156144.63956720522,48448.3625400751,68.97212566863512
2024-12-03,BULL_WEAK,False,369,0,0,9,155864.12459833315,48448.3625400751,68.9162835482969
2024-12-04,BULL_WEAK,False,372,1,1,9,157784.43678911956,51731.84152849945,67.213596865932
2024-12-05,BULL_WEAK,False,366,0,0,9,156807.90429934295,51731.84152849945,67.00941718489875
2024-12-06,BULL_WEAK,False,355,0,0,9,156865.8615289572,51731.84152849945,67.02160621547996
2024-12-09,BULL_WEAK,False,350,2,2,9,151969.01349790653,49762.41275175174,67.25489518793431
2024-12-10,BULL_WEAK,False,336,0,1,8,151272.0935468363,60374.64979454746,60.088706132797384
2024-12-11,BULL_WEAK,False,339,0,0,8,152962.16322228184,60374.64979454746,60.52968360102745
2024-12-12,BULL_WEAK,False,339,1,1,8,151399.95094037775,58084.39953733209,61.63512657926415
2024-12-13,BULL_WEAK,False,336,0,0,8,152887.73197294,58084.39953733209,62.008462819232214
2024-12-16,BULL_WEAK,False,335,0,0,8,154308.38200116876,58084.39953733209,62.35823434601747
2024-12-17,BULL_WEAK,False,318,0,0,8,153447.69162107233,58084.39953733209,62.147101123705916
2024-12-18,BULL_WEAK,False,277,0,1,7,147830.50569836452,68624.81186215236,53.578720753228424
2024-12-19,BULL_WEAK,False,277,0,0,7,147360.8393050845,68624.81186215236,53.43076750528215
2024-12-20,BULL_WEAK,False,280,2,1,8,148137.31054743502,54490.91780909272,63.21593958488655
2024-12-23,BULL_WEAK,False,274,0,0,8,147269.51113566133,54490.91780909272,62.99918605766476
2024-12-24,BULL_WEAK,False,278,0,0,8,149524.85181864473,54490.91780909272,63.557283524224104
2024-12-26,BULL_WEAK,False,289,0,0,8,148885.08910425875,54490.91780909272,63.40068831813323
2024-12-27,BULL_WEAK,False,283,0,0,8,146560.36047419283,54490.91780909272,62.82015298489403
2024-12-30,BULL_WEAK,False,260,1,1,8,145356.1339668869,53206.734713041704,63.395604120041796
2024-12-31,BULL_WEAK,False,256,0,0,8,143852.39256521454,53206.734713041704,63.01296505101869
2025-01-02,BULL_WEAK,False,100,3,2,9,143941.4079388914,40917.27155964947,71.57366171031174
2025-01-03,BULL_WEAK,False,106,0,0,9,147687.55771916485,40917.27155964947,72.29470634387788
2025-01-06,BULL_WEAK,False,101,0,0,9,149897.51875203228,40917.27155964947,72.70316953855868
2025-01-07,BULL_WEAK,False,96,0,0,9,147226.76308720684,40917.27155964947,72.20799350494927
2025-01-08,BULL_WEAK,False,100,0,0,9,147845.18534367657,40917.27155964947,72.32424480747589
2025-01-10,BULL_WEAK,False,91,0,2,7,146335.45993151303,62655.94278063413,57.18334926479341
2025-01-13,BULL_WEAK,False,95,0,0,7,145853.97832216855,62655.94278063413,57.04200632619223
2025-01-14,BULL_WEAK,False,98,0,0,7,147130.22690691586,62655.94278063413,57.41463593318975
2025-01-15,BULL_WEAK,False,110,0,0,7,149573.93495287534,62655.94278063413,58.11038681279966
2025-01-16,BULL_WEAK,False,114,0,0,7,149668.5676776373,62655.94278063413,58.13687285657384
2025-01-17,BULL_WEAK,False,126,0,0,7,152197.98782076474,62655.94278063413,58.83260765942543
2025-01-21,BULL_WEAK,False,144,0,0,7,152530.4005290472,62655.94278063413,58.922324622951336
2025-01-22,BULL_WEAK,False,140,3,2,8,153944.49753463757,53819.35334671032,65.03976809265238
2025-01-23,BULL_WEAK,False,138,1,1,8,152246.68325791907,53021.85639558386,65.17371987292475
2025-01-24,BULL_WEAK,False,144,0,0,8,151156.2450254972,53021.85639558386,64.92248376066759
2025-01-27,BULL_WEAK,False,133,1,1,8,149052.27045890104,52177.94194098722,64.99352758576428
2025-01-28,BULL_WEAK,False,137,0,0,8,150812.36840506803,52177.94194098722,65.40208041767363
2025-01-29,BULL_WEAK,False,141,0,0,8,151446.69998999845,52177.94194098722,65.54699313723373
2025-01-30,BULL_WEAK,False,151,0,0,8,153068.75039740812,52177.94194098722,65.91208734276651
2025-01-31,BULL_WEAK,False,143,0,0,8,152637.1796729208,52177.94194098722,65.81570620421779
2025-02-03,BULL_WEAK,False,270,1,0,9,151783.90676177834,40081.700905455116,73.59291787872974
2025-02-04,BULL_WEAK,False,263,1,1,9,156416.31588810586,42589.569290815816,72.7716580914214
2025-02-05,BULL_WEAK,False,262,0,0,9,156188.3264395585,42589.569290815816,72.73191264566302
2025-02-06,BULL_WEAK,False,263,0,0,9,156780.59879749917,42589.569290815816,72.83492369752629
2025-02-07,BULL_WEAK,False,251,0,0,9,156089.7604491105,42589.569290815816,72.71469366839013
2025-02-10,BULL_WEAK,False,259,0,0,9,156268.859497725,42589.569290815816,72.74596523728015
2025-02-11,BULL_WEAK,False,256,0,1,8,152860.65172895315,52531.98133405568,65.6340721173926
2025-02-12,BULL_WEAK,False,243,0,0,8,154447.36122068288,52531.98133405568,65.98712925953127
2025-02-13,BULL_WEAK,False,249,4,3,9,159862.2169554448,45507.13823916672,71.53352486544708
2025-02-14,BULL_WEAK,False,244,0,0,9,161283.88197543382,45507.13823916672,71.7844475952667
2025-02-18,BULL_WEAK,False,242,0,1,8,162403.05765225587,57523.5655372351,64.57975214949035
2025-02-19,BULL_WEAK,False,242,0,0,8,158573.9981925696,57523.5655372351,63.724465427566834
2025-02-20,BULL_WEAK,False,246,2,2,8,154637.20053352718,55912.57781853086,63.84273795333721
2025-02-21,BULL_WEAK,False,226,1,2,7,149673.10047118663,66405.0754048109,55.6332599540193
2025-02-24,BULL_WEAK,False,225,3,2,8,146301.60524370533,53313.847377799575,63.558945721073414
2025-02-25,NEUTRAL_BULLISH,True,214,0,1,7,141240.97917639924,62845.91332328036,55.504476328509035
2025-02-26,NEUTRAL_BULLISH,False,215,1,1,7,142884.44853067293,61615.91331338777,56.87710317882445
2025-02-27,NEUTRAL_BULLISH,False,214,0,1,6,138940.4796318631,71337.89521261261,48.65578742665233
2025-02-28,NEUTRAL_BULLISH,False,219,0,1,5,139486.20695116854,81939.86178973055,41.255939507756395
2025-03-03,NEUTRAL_BULLISH,False,212,3,1,7,138724.02134769014,61662.100327182336,55.550524178767944
2025-03-04,NEUTRAL_BULLISH,False,203,0,1,6,137669.92220465888,72428.04962317695,47.39007005792736
2025-03-05,NEUTRAL_BULLISH,False,206,0,0,6,138913.79071967353,72428.04962317695,47.86115241118433
2025-03-06,NEUTRAL_BULLISH,False,192,2,1,7,134499.55862342918,61226.97943412865,54.4779328194292
2025-03-07,NEUTRAL_BULLISH,False,188,0,1,6,134734.56853007706,70994.97913264664,47.30752478210646
2025-03-10,NEUTRAL_BULLISH,False,180,3,3,6,131127.91422429154,66285.0644012935,49.45007339328659
2025-03-11,NEUTRAL_BULLISH,False,161,0,0,6,130416.4063202388,66285.0644012935,49.174290051721066
2025-03-12,NEUTRAL_BULLISH,False,157,1,1,6,129805.9621833815,65994.839281465,49.15885359084528
2025-03-13,NEUTRAL_BULLISH,False,149,0,0,6,129313.83772888321,65994.839281465,48.96536949136994
2025-03-14,NEUTRAL_BULLISH,False,161,0,0,6,129509.84108200211,65994.839281465,49.04260654626326
2025-03-17,NEUTRAL_BULLISH,False,173,0,0,6,130477.43854370255,65994.839281465,49.42049750665479
2025-03-18,NEUTRAL_BULLISH,False,172,1,0,7,129938.26526155729,55637.87270632047,57.181302525222236
2025-03-19,NEUTRAL_BULLISH,False,184,0,0,7,129959.43617143888,55637.87270632047,57.18827786162096
2025-03-20,NEUTRAL_BULLISH,False,184,0,0,7,129860.90779390592,55637.87270632047,57.15579564974254
2025-03-21,NEUTRAL_BULLISH,False,185,0,0,7,129409.38291063566,55637.87270632047,57.00630707377571
2025-03-24,NEUTRAL_BULLISH,False,198,1,0,8,130249.62919911,45248.59789951894,65.26009465228626
2025-03-25,NEUTRAL_BULLISH,False,196,0,0,8,130039.5164709911,45248.59789951894,65.20396328172069
2025-03-26,NEUTRAL_BULLISH,False,190,0,0,8,130172.13483341786,45248.59789951894,65.23941321433819
2025-03-27,NEUTRAL_BULLISH,False,194,0,0,8,130139.03096302602,45248.59789951894,65.23057105567769
2025-03-28,NEUTRAL_BULLISH,False,178,0,0,8,128883.178443037,45248.59789951894,64.8917737394895
2025-03-31,NEUTRAL_BULLISH,False,189,0,1,7,129466.7847715777,53910.81206192194,58.359348958083366
2025-04-01,NEUTRAL_BULLISH,False,116,1,0,8,129200.21705696148,43563.28970024151,66.28234015966441
2025-04-02,NEUTRAL_BULLISH,False,116,0,0,8,129705.31612464947,43563.28970024151,66.41364363325224
2025-04-03,NEUTRAL_BEARISH,True,70,0,3,5,128027.9211890446,76074.9453284489,40.579410630187866
2025-04-04,BEAR_WEAK,True,35,2,3,4,125336.52134916876,84294.09322569464,32.74578525211823
2025-04-07,BEAR_WEAK,False,42,0,0,4,126922.9014532337,84294.09322569464,33.58638018785457
2025-04-08,BEAR_WEAK,False,40,0,0,4,125934.82841703985,84294.09322569464,33.065305058779856
2025-04-09,NEUTRAL_BEARISH,True,72,4,2,6,130405.85233656067,67359.10097089905,48.34656592170886
2025-04-10,NEUTRAL_BEARISH,False,66,0,0,6,128016.8354145636,67359.10097089905,47.382622955202294
2025-04-11,NEUTRAL_BEARISH,False,67,0,0,6,127556.10721937317,67359.10097089905,47.19257083076884
2025-04-14,NEUTRAL_BEARISH,False,66,0,0,6,127840.90846983093,67359.10097089905,47.31021409567418
2025-04-15,NEUTRAL_BEARISH,False,69,0,0,6,129131.16481748718,67359.10097089905,47.836681357204675
2025-04-16,BEAR_WEAK,True,45,0,2,4,127058.02868412907,88406.08930729801,30.42069814645181
2025-04-17,BEAR_WEAK,False,46,0,0,4,127286.65909146244,88406.08930729801,30.545675455451
2025-04-21,BEAR_WEAK,False,39,0,0,4,125617.28973721439,88406.08930729801,29.62267416194101
2025-04-22,BEAR_WEAK,False,46,0,0,4,126784.8995165723,88406.08930729801,30.270805400021406
2025-04-23,NEUTRAL_BEARISH,True,68,0,0,4,128973.65974949772,88406.08930729801,31.45415158489964
2025-04-24,NEUTRAL_BEARISH,False,73,0,0,4,131665.37971638615,88406.08930729801,32.855478412222574
2025-04-25,NEUTRAL_BEARISH,False,73,0,0,4,133030.14912175114,88406.08930729801,33.544320673964314
2025-04-28,NEUTRAL_BEARISH,False,78,0,0,4,133994.90004872257,88406.08930729801,34.022795438369506
2025-04-29,NEUTRAL_BEARISH,False,76,1,1,4,134222.05225905988,90809.93159255598,32.34350833998191
2025-04-30,NEUTRAL_BEARISH,False,78,1,1,4,131742.80219405584,88575.35195296697,32.76645822175821
2025-05-01,NEUTRAL_BEARISH,False,280,2,0,6,132124.20282267677,67455.10406016457,48.94568699824383
2025-05-02,NEUTRAL_BEARISH,False,325,0,0,6,135292.94290446388,67455.10406016457,50.14144669186663
2025-05-05,NEUTRAL_BEARISH,False,352,0,1,5,134542.43111950697,79675.49250943007,40.7803977923823
2025-05-06,NEUTRAL_BEARISH,False,354,0,0,5,133486.11248928847,79675.49250943007,40.31177399385004
2025-05-07,NEUTRAL_BEARISH,False,380,0,0,5,133717.572953766,79675.49250943007,40.41509223549956
2025-05-08,NEUTRAL_BULLISH,True,405,1,0,6,136487.57470613532,68724.21437746099,49.648006768800954
2025-05-09,NEUTRAL_BULLISH,False,416,0,0,6,135773.15563303046,68724.21437746099,49.38306172745241
2025-05-12,NEUTRAL_BULLISH,False,420,2,1,7,138272.67458802502,59124.45587807936,57.240679653997404
2025-05-13,BULL_WEAK,True,425,1,0,8,142731.2428321106,47701.539010928376,66.57946917267589
2025-05-14,BULL_WEAK,False,423,1,1,8,143041.9442575908,49545.2126272655,65.3631577196377
2025-05-15,BULL_WEAK,False,426,1,0,9,141369.4423148295,38215.754372324634,72.96745764390991
2025-05-16,BULL_WEAK,False,428,0,0,9,142521.5890891215,38215.754372324634,73.18598914272029
2025-05-19,BULL_WEAK,False,429,1,0,10,141934.90237724158,26838.65751945348,81.09086836997965
2025-05-20,BULL_WEAK,False,427,0,0,10,140683.46359359595,26838.65751945348,80.92266366359549
2025-05-21,BULL_WEAK,False,415,0,1,9,137769.6482436002,37506.909321481085,72.77563686947762
2025-05-22,BULL_WEAK,False,411,0,0,9,138304.37080829748,37506.909321481085,72.88089371125582
2025-05-23,BULL_WEAK,False,408,1,1,9,136711.78397892948,37125.077519884064,72.84427396133904
2025-05-27,BULL_WEAK,False,412,0,0,9,141033.73736523624,37125.077519884064,73.6764562767411
2025-05-28,BULL_WEAK,False,414,0,1,8,140153.8844247168,51452.16694119628,63.28880419376913
2025-05-29,BULL_WEAK,False,413,1,0,9,139713.8722937966,40269.700666751916,71.17702057382607
2025-05-30,BULL_WEAK,False,413,0,0,9,140077.95792802816,40269.700666751916,71.25193623436284
2025-06-02,BULL_WEAK,False,311,0,0,9,140336.84366449362,40269.700666751916,71.30496909063626
2025-06-03,BULL_WEAK,False,320,0,0,9,142353.97975000387,40269.700666751916,71.71157368591177
2025-06-04,BULL_WEAK,False,328,0,0,9,141454.7176478768,40269.700666751916,71.53173726803847
2025-06-05,BULL_WEAK,False,328,0,1,8,140560.37364621708,50768.04988141605,63.88167691614387
2025-06-06,BULL_WEAK,False,331,0,0,8,142859.85781331608,50768.04988141605,64.46304045202268
2025-06-09,BULL_WEAK,False,344,0,0,8,143967.05880017826,50768.04988141605,64.73634294920167
2025-06-10,BULL_WEAK,False,336,0,0,8,144662.62583776066,50768.04988141605,64.90589771379341
2025-06-11,BULL_WEAK,False,330,2,1,9,144298.6012178261,40342.09743555377,72.0426275133081
2025-06-12,BULL_WEAK,False,340,0,0,9,142988.57224329302,40342.09743555377,71.7864883866997
2025-06-13,BULL_WEAK,False,325,0,0,9,140533.51037271807,40342.09743555377,71.29361009444662
2025-06-16,BULL_WEAK,False,329,0,0,9,143942.6590619881,40342.09743555377,71.97349437724318
2025-06-17,BULL_WEAK,False,320,0,0,9,142549.23160036394,40342.09743555377,71.69953356981073
2025-06-18,BULL_WEAK,False,314,0,1,8,143931.9202858872,50866.995710081545,64.65898904909619
2025-06-20,BULL_WEAK,False,327,0,0,8,144358.14232797094,50866.995710081545,64.76333451665268
2025-06-23,BULL_WEAK,False,333,0,0,8,143468.53503198095,50866.995710081545,64.5448420458586
2025-06-24,BULL_WEAK,False,347,1,2,7,147627.86487560577,65243.70325451202,55.805292375197816
2025-06-25,BULL_WEAK,False,342,1,1,7,149146.0083968591,67848.07851099483,54.508954520284924
2025-06-26,BULL_WEAK,False,345,0,0,7,151183.42084192747,67848.07851099483,55.122011307089934
2025-06-27,BULL_WEAK,False,348,0,0,7,149173.583058114,67848.07851099483,54.51736351699545
2025-06-30,BULL_WEAK,False,348,0,0,7,152060.02520441526,67848.07851099483,55.38072651258196
2025-07-01,BULL_WEAK,False,209,3,0,10,150249.49338216239,32528.42770070486,78.35039109385335
2025-07-02,BULL_WEAK,False,231,0,0,10,153978.5698286956,32528.42770070486,78.8747046183807
2025-07-03,BULL_STRONG,True,246,2,1,11,153901.16996029828,21284.527611055124,86.17000272542056
2025-07-07,BULL_WEAK,True,239,0,0,11,153739.16718319868,21284.527611055124,86.15542935412675
2025-07-08,BULL_WEAK,False,208,0,0,11,153556.03103665326,21284.527611055124,86.13891784818625
2025-07-09,BULL_WEAK,False,222,0,0,11,156357.80026272748,21284.527611055124,86.38729402991677
2025-07-10,BULL_WEAK,False,217,0,2,9,157180.78699686402,44762.77424051637,71.52147212406473
2025-07-11,BULL_WEAK,False,207,0,0,9,156632.40636637085,44762.77424051637,71.42176687510371
2025-07-14,BULL_WEAK,False,213,2,2,9,159467.34348800115,43829.20966079168,72.51524437409999
2025-07-15,BULL_WEAK,False,211,0,2,7,159753.14031846434,69762.42562730223,56.331108428771806
2025-07-16,BULL_WEAK,False,204,0,0,7,160975.56035478026,69762.42562730223,56.66272229551485
2025-07-17,BULL_WEAK,False,219,0,1,6,162508.2571008575,84695.25130251764,47.882493595415745
2025-07-18,BULL_WEAK,False,213,1,1,6,163740.80253805558,86265.40526785294,47.31587733130617
2025-07-21,BULL_WEAK,False,201,2,0,8,163976.46065114206,60509.039386493605,63.098947772006206
2025-07-22,BULL_WEAK,False,199,0,0,8,162124.21621297067,60509.039386493605,62.67735887955976
2025-07-23,BULL_WEAK,False,202,2,2,8,164730.30941467226,60289.478321837785,63.40110175470362
2025-07-24,BULL_WEAK,False,200,0,0,8,164366.47603301943,60289.478321837785,63.320088270477804
2025-07-25,BULL_WEAK,False,199,0,0,8,164766.49692230165,60289.478321837785,63.40913993560944
2025-07-28,BULL_WEAK,False,197,0,0,8,165061.5939529413,60289.478321837785,63.47455705593986
2025-07-29,BULL_WEAK,False,192,1,1,8,163933.46682310817,59529.130939013936,63.68701760986447
2025-07-30,BULL_WEAK,False,182,0,1,7,163816.3198869977,71081.97652609681,56.60873313774235
2025-07-31,BULL_WEAK,False,174,2,2,7,165461.56285148003,71740.4944158111,56.64219944531402
2025-08-01,BULL_WEAK,False,88,2,0,9,163332.92063192936,45719.74745230291,72.0082471583715
2025-08-04,BULL_WEAK,False,102,0,0,9,166435.0387196979,45719.74745230291,72.52997457506412
2025-08-05,BULL_WEAK,False,95,1,1,9,165837.0342764652,46699.70889804723,71.83999997238577
2025-08-06,BULL_WEAK,False,102,0,1,8,165836.16321214073,59234.72395737999,64.28117799517237
2025-08-07,BULL_WEAK,False,81,2,3,7,166519.4330223681,72603.31993948235,56.39949126554512
2025-08-08,BULL_WEAK,False,84,0,0,7,167464.79748617424,72603.31993948235,56.645622823819785
2025-08-11,BULL_WEAK,False,78,0,0,7,167201.83265768303,72603.31993948235,56.57743770780004
2025-08-12,BULL_WEAK,False,89,0,0,7,169009.4359367968,72603.31993948235,57.0418541798854
2025-08-13,BULL_WEAK,False,86,0,0,7,168489.47448049797,72603.31993948235,56.90928459279757
2025-08-14,BULL_WEAK,False,85,0,0,7,167657.52010427727,72603.31993948235,56.69545875763548
2025-08-15,BULL_WEAK,False,85,0,0,7,166855.61921011223,72603.31993948235,56.48733900411413
2025-08-18,BULL_WEAK,False,90,0,0,7,166621.09628378166,72603.31993948235,56.42609395881804
2025-08-19,BULL_WEAK,False,94,3,2,8,165134.1381806863,58534.13100905545,64.55358555539338
2025-08-20,BULL_WEAK,False,87,2,2,8,163863.11352640373,57277.46922403556,65.04553832073606
2025-08-21,BULL_WEAK,False,83,0,0,8,163645.0990381835,57277.46922403556,64.99897060120881
2025-08-22,BULL_WEAK,False,100,0,0,8,165918.05159097892,57277.46922403556,65.47845838665226
2025-08-25,BULL_WEAK,False,101,0,0,8,165298.55697733146,57277.46922403556,65.34908091672548
2025-08-26,BULL_WEAK,False,97,0,0,8,165828.9235392211,57277.46922403556,65.45990409779839
2025-08-27,BULL_WEAK,False,110,0,0,8,165103.16161447746,57277.46922403556,65.30807244153158
2025-08-28,BULL_WEAK,False,109,0,0,8,165607.7779169677,57277.46922403556,65.41378071460309
2025-08-29,BULL_WEAK,False,121,0,0,8,164741.93740946037,57277.46922403556,65.23200459778835
2025-09-02,BULL_WEAK,False,184,1,0,9,164086.04727378953,44172.069063340314,73.07993592554766
2025-09-03,BULL_WEAK,False,180,0,1,8,163943.85901643062,56724.28538514401,65.40017678889757
2025-09-04,BULL_WEAK,False,202,1,1,8,166025.77445516366,59249.426714990324,64.31311529223373
2025-09-05,BULL_WEAK,False,194,0,0,8,165844.52657613534,59249.426714990324,64.27411387146968
2025-09-08,BULL_WEAK,False,190,0,0,8,166368.2561369874,59249.426714990324,64.38657945287085
2025-09-09,BULL_WEAK,False,187,0,0,8,165249.64349660653,59249.426714990324,64.14550406203628
2025-09-10,BULL_WEAK,False,176,1,1,8,166701.00260337276,58365.88712485714,64.98768080973963
2025-09-11,BULL_WEAK,False,185,0,0,8,167120.87693198604,58365.88712485714,65.07564572641002
2025-09-12,BULL_WEAK,False,193,0,1,7,165943.86623147922,70971.29368356662,57.23174631560831
2025-09-15,BULL_WEAK,False,188,2,1,8,166907.56213488313,59453.21718706818,64.37955451112381
2025-09-16,BULL_WEAK,False,179,0,1,7,165326.9330033639,71805.75865644007,56.567416238841716
2025-09-17,BULL_WEAK,False,180,0,0,7,164957.21179669886,71805.75865644007,56.47007010221723
2025-09-18,BULL_WEAK,False,186,0,0,7,167555.38338941126,71805.75865644007,57.14506021596566
2025-09-19,BULL_WEAK,False,194,0,0,7,168259.06376355677,71805.75865644007,57.32428491499043
2025-09-22,BULL_WEAK,False,173,0,0,7,169155.81913465052,71805.75865644007,57.55052411216097
2025-09-23,NEUTRAL_BULLISH,True,172,0,0,7,169150.78655713587,71805.75865644007,57.54926115452294
2025-09-24,BULL_WEAK,True,174,0,0,7,167833.3728608468,71805.75865644007,57.21604265441576
2025-09-25,BULL_WEAK,False,180,2,1,8,165410.91869874904,57500.26551958034,65.23792626755103
2025-09-26,BULL_WEAK,False,199,0,0,8,165405.19240327785,57500.26551958034,65.23672281134455
2025-09-29,BULL_WEAK,False,200,1,0,9,165402.76645221183,44280.91163958974,73.2284334842831
2025-09-30,BULL_WEAK,False,209,0,0,9,167955.23767795035,44280.91163958974,73.63528982377005
2025-10-01,BULL_WEAK,False,431,2,1,10,167586.82452456854,32951.99470965765,80.33735957278263
2025-10-02,BULL_WEAK,False,433,0,0,10,169025.80094973944,32951.99470965765,80.5047545850967
2025-10-03,BULL_WEAK,False,432,0,0,10,167616.02150027655,32951.99470965765,80.34078460118845
2025-10-06,BULL_WEAK,False,434,0,0,10,167541.68428866766,32951.99470965765,80.33206192861076
2025-10-07,BULL_WEAK,False,435,0,1,9,166105.74698204015,45481.29543251012,72.61907173059599
2025-10-08,BULL_WEAK,False,435,1,1,9,168738.3408508012,43958.029899568304,73.94899720008739
2025-10-09,BULL_WEAK,False,433,0,0,9,168704.30144497845,43958.029899568304,73.94374089868428
2025-10-10,BULL_WEAK,False,424,4,4,9,162203.53420944608,41777.041899875774,74.2440618797301
2025-10-13,BULL_WEAK,False,426,0,0,9,163945.77769394315,41777.041899875774,74.51776893097797
2025-10-14,BULL_WEAK,False,429,0,0,9,161353.78262253202,41777.041899875774,74.10842112229362
2025-10-15,BULL_WEAK,False,424,0,0,9,161920.88217087186,41777.041899875774,74.19910184543753
2025-10-16,BULL_WEAK,False,420,1,1,9,161001.9569758693,41548.42516129411,74.19383842177687
2025-10-17,BULL_WEAK,False,425,0,1,8,160934.3405696492,53926.15268817948,66.49182983737315
2025-10-20,BULL_WEAK,False,429,0,0,8,162301.08239093827,53926.15268817948,66.77400304805955
2025-10-21,BULL_WEAK,False,429,0,0,8,161871.78354755449,53926.15268817948,66.68588465120783
2025-10-22,BULL_WEAK,False,428,0,1,7,159606.15953520223,65746.72003630086,58.80690304950294
2025-10-23,BULL_WEAK,False,430,0,0,7,162356.42886808797,65746.72003630086,59.504701788113955
2025-10-24,BULL_WEAK,False,431,0,0,7,165126.16995695516,65746.72003630086,60.18394900490963
2025-10-27,BULL_WEAK,False,432,0,0,7,166127.7283523409,65746.72003630086,60.42399382187518
2025-10-28,BULL_WEAK,False,426,0,0,7,166036.84177092,65746.72003630086,60.40233038941369
2025-10-29,BULL_WEAK,False,412,0,1,6,168178.22455820488,82468.54480966972,50.96360124724224
2025-10-30,BULL_WEAK,False,413,1,0,7,165733.79212883755,69316.92056206508,58.175746978516166
2025-10-31,BULL_WEAK,False,407,1,1,7,168090.80611834262,72591.38508257603,56.814184690464984
2025-11-03,BULL_WEAK,False,357,2,1,8,167243.33614406385,58359.14484462537,65.10524951836966
2025-11-04,BULL_WEAK,False,361,2,1,9,162108.45233357995,44557.782224784794,72.51359717314699
2025-11-05,BULL_WEAK,False,350,0,1,8,162689.26438051823,57013.26563555363,64.95572965269312
2025-11-06,BULL_WEAK,False,342,4,4,8,162771.09761540737,56743.946503804604,65.13880699024457
2025-11-07,BULL_WEAK,False,362,0,0,8,162803.02804295864,56743.946503804604,65.14564428811997
