date,ticker,action,price,shares,value,commission,slippage_cost,net_proceeds,entry_date,entry_price,cost_basis,pnl,pnl_pct,holding_period_return,r_multiple,days_held,reason,stop_loss,take_profit,highest_price,lowest_price,max_unrealized_gain,max_unrealized_loss,regime,sector,entry_score,atr
2024-01-10,SMCI,SELL,35.58384961627522,282,10034.645591789611,10.03464559178961,10.044690282071883,10024.610946197821,2024-01-03,28.338395923826674,7991.427650519122,2033.1832956786993,25.567621088802106,25.567621088802106,3.300735886445141,5,TAKE_PROFIT,26.1540739753665,35.61946908536058,34.37300109863281,28.06399917602539,21.29480155131962,-0.9682860968519891,BULL_WEAK,Information Technology,26.43310800845564,1.4562146323067808
2024-01-10,CRWD,SELL,278.64790462464754,32,8916.732947988721,8.916732947988722,8.92565860659488,8907.816215040733,2024-01-03,247.53502825960535,7921.120904307371,986.695310733362,12.569080256557541,12.569080256557541,3.274127353926276,5,TAKE_PROFIT,238.11748730065588,278.9268314561036,282.0400085449219,244.3600006103516,13.939433351278673,-1.2826579218210288,BULL_WEAK,Information Technology,25.83606825261612,6.278360639299655
2024-01-10,ANET,SELL,61.98178503882517,141,8739.43169047435,8.73943169047435,8.748179870344806,8730.692258783876,2024-01-03,56.375613797240874,7948.9615454109635,781.7307133729128,9.944319651662358,9.944319651662358,3.260397019540856,5,TAKE_PROFIT,54.67514927610527,62.043828867692866,62.307498931884766,56.375613797240874,10.522076364398192,0.0,BULL_WEAK,Information Technology,19.179888249406677,1.1336430140903992
2024-01-11,PANW,SELL,161.1063031379149,56,9021.952975723234,9.021952975723234,9.030983959682544,9012.93102274751,2024-01-03,142.63007703012184,7987.284313686823,1025.6467090606875,12.95394806797383,12.95394806797383,3.2756764617590215,6,TAKE_PROFIT,137.03882892657134,161.2675707086235,161.7449951171875,141.46499633789062,13.401744207870546,-0.8168548433057143,BULL_WEAK,Information Technology,25.687335246017753,3.7274987357003346
2024-01-12,COIN,SELL,136.99110117815383,51,6986.546160085845,6.986546160085846,6.993539699785117,6979.55961392576,2024-01-03,153.94858550410154,7851.377860709179,-871.8182467834195,-11.01503094063565,-11.01503094063565,-1.0162968803402497,7,STOP_LOSS,137.12822940756138,210.01643915923546,159.4199981689453,130.77999877929688,3.5540519238470125,-15.049561286282431,BULL_WEAK,Financials,18.033068820581825,11.213570731026786
2024-01-17,SMCI,SELL,31.672981950375654,246,7791.553559792411,7.791553559792411,7.799352912705302,7783.762006232619,2024-01-10,34.21836546021126,8417.71790321197,-633.9558969793507,-7.438647274941723,-7.438647274941723,-1.0252131131481386,4,STOP_LOSS,31.704686637012667,42.597294870873235,34.33100128173828,31.822999954223636,0.3291677437310403,-7.000233569814807,BULL_WEAK,Information Technology,36.42138288848684,1.6757858821323945
2024-01-17,CRWD,SELL,275.1113861488907,29,7978.2301983178295,7.97823019831783,7.98621641473278,7970.251968119512,2024-01-10,286.31449094810995,8303.120237495188,-332.8682693756764,-3.912866848660357,-3.912866848660357,-1.0503763144094624,4,STOP_LOSS,275.3867729218125,322.7402177024347,286.31449094810995,276.2699890136719,0.0,-3.5082059246028474,BULL_WEAK,Information Technology,31.914387927146798,7.285145350864943
2024-01-19,SMCI,SELL,40.719071624087086,261,10627.67769388673,10.62767769388673,10.638316009897437,10617.050016192843,2024-01-17,31.751615278828414,8287.171587774215,2329.8784284186277,28.242520156881778,28.242520156881778,3.303183485875094,2,TAKE_PROFIT,29.049150425814148,40.75983145554263,42.33599853515625,31.143999099731445,33.33494426466353,-1.9136543881662638,BULL_WEAK,Information Technology,30.120718255578357,1.8016432353428438
2024-01-22,META,SELL,386.7493332656198,23,8895.234665109256,8.895234665109255,8.90413880391344,8886.339430444146,2024-01-03,346.97425790848575,7980.407931895173,905.9314985489737,11.463408149322895,11.463408149322895,3.2691033214391534,12,TAKE_PROFIT,334.92559436042495,387.13646973535515,381.10064697265625,342.35943603515625,9.835423892792438,-1.3300185152486654,BULL_WEAK,Communication Services,22.665395271375377,8.03244236537388
2024-01-30,GWW,SELL,900.5836859477731,9,8105.253173529958,8.105253173529958,8.11336654007016,8097.147920356428,2024-01-03,804.4865967257558,7240.379370531802,856.7685498246256,11.94514484307514,11.94514484307514,3.271405658336001,18,TAKE_PROFIT,775.3870244078149,901.485171118892,899.5034790039062,795.440673828125,11.810872010157446,-1.1244342583764055,BULL_WEAK,Industrials,19.605866466806862,19.399714878627233
2024-02-01,SMCI,SELL,56.36102417997924,201,11328.565860175828,11.328565860175829,11.339905765941133,11317.237294315652,2024-01-19,42.765653727488115,8595.89639922511,2721.3408950905414,31.7903954868169,31.7903954868169,3.3057964112646365,9,TAKE_PROFIT,38.6701173592543,56.41744162160084,58.34999847412109,42.33599853515625,36.44126393095672,-1.0046735052145372,BULL_WEAK,Information Technology,43.06069510119216,2.7303575788225447
2024-02-02,EME,SELL,233.7655280841551,37,8649.324539113739,8.649324539113739,8.657982521635034,8640.675214574625,2024-01-03,212.72684328342442,7870.893201486703,769.7820130879218,9.889999999999999,9.889999999999999,3.7129618255208157,21,TAKE_PROFIT,207.1235216630282,233.99952761176687,234.2945556640625,209.52999877929688,10.138688680630015,-1.5027931852813925,BULL_WEAK,Industrials,18.192814730090802,3.7355477469308016
2024-02-02,META,SELL,434.6041330611731,23,9995.895060406981,9.995895060406982,10.005900961368582,9985.899165346575,2024-01-31,386.3478095799467,8885.999620338775,1099.8995450078,12.490383608928092,12.490383608928092,3.2737989342186578,2,TAKE_PROFIT,371.7404007839088,435.03917223340653,472.0797424316406,386.3478095799467,22.190350437059593,0.0,BULL_WEAK,Communication Services,27.55880152851029,9.73827253069196
2024-02-07,PANW,SELL,182.55017872699256,51,9310.05911507662,9.31005911507662,9.319378493569815,9300.749055961543,2024-01-12,164.4239778356178,8385.622869616507,915.1261863450363,11.024061776133621,11.024061776133621,3.266829717430899,17,TAKE_PROFIT,158.93129769471378,182.73291163863118,182.25,162.6199951171875,10.841497936635314,-1.0971530686563313,BULL_WEAK,Information Technology,28.675819730937114,3.6617867606026784
2024-02-08,CRWD,SELL,323.1225870512501,29,9370.555024486253,9.370555024486254,9.37993495944579,9361.184469461767,2024-01-17,281.4474532416308,8161.976144007293,1199.2083254544732,14.807429710099385,14.807429710099385,3.2820166282957466,16,TAKE_PROFIT,268.8478792888197,323.44603308433443,323.0400085449219,276.2699890136719,14.778089062181943,-1.8395846785346226,BULL_WEAK,Information Technology,28.724954245352954,8.39971596854073
2024-02-09,NVDA,SELL,71.41719797618575,141,10069.82491464219,10.06982491464219,10.079904819461305,10059.755089727547,2024-01-30,63.17484143710571,8907.652642631905,1152.1024470956418,13.046897074187026,13.046897074187026,3.2760369877961577,8,TAKE_PROFIT,60.68068786938285,71.4886866628486,72.09686279296875,61.49616622924805,14.12274435978671,-2.6571894280556063,BULL_WEAK,Information Technology,31.682452913766117,1.6627690451485766
2024-02-12,SMCI,SELL,80.04314561867588,153,12246.601279657409,12.246601279657408,12.258860139796909,12234.354678377751,2024-02-01,59.21683755320414,9060.176145640233,3174.1785327375183,35.16957157119387,35.16957157119387,3.307796308873463,7,TAKE_PROFIT,52.944908152896346,80.12326888756344,77.3010025024414,57.9630012512207,30.538890113794604,-2.1173645094723414,BULL_WEAK,Information Technology,58.80122719399171,4.181286266871862
2024-02-13,SHOP,SELL,77.38622184186579,112,8667.256846288969,8.667256846288968,8.675932779067807,8658.58958944268,2024-02-02,82.1477572044649,9200.548806900068,-541.9592174573881,-5.796305979173233,-5.796305979173233,-1.0330588253222583,7,STOP_LOSS,77.46368552739318,97.7613294613706,90.72000122070312,77.18000030517578,10.435152836737839,-6.047343309598119,BULL_WEAK,Technology,35.301879537079934,3.1227144513811385
2024-02-13,NVDA,SELL,70.0692219994999,132,9249.137303933987,9.249137303933987,9.258395699633354,9239.888166630053,2024-02-09,73.4531853332903,9695.82046399432,-455.93229736426656,-4.606966081097552,-4.606966081097552,-1.042310208546641,2,STOP_LOSS,70.13936136086076,84.4992652413888,73.4531853332903,72.09185791015625,0.0,-1.8533266010957838,BULL_WEAK,Information Technology,44.990323126867985,2.209215981619699
2024-02-13,MSTR,SELL,65.76757109830854,137,9010.15724046827,9.01015724046827,9.019176416885145,9001.147083227803,2024-02-12,71.17351201187942,9750.771145627481,-749.6240623996782,-7.595439315497865,-7.595439315497865,-1.0246438813034449,1,STOP_LOSS,65.83340450281135,88.97387037543969,71.75199890136719,68.60199737548828,0.812783960121588,-3.613021984866982,BULL_WEAK,Technology,43.94685133593354,3.560071672712053
2024-02-15,BLDR,SELL,188.53683095360003,49,9238.304716726401,9.238304716726402,9.247552268995946,9229.066412009675,2024-01-03,160.67555345835234,7873.102119459265,1355.9642925504104,17.340084969720948,17.340084969720948,3.2885012066050283,30,TAKE_PROFIT,152.260552542825,188.72555651011015,187.1199951171875,157.2899932861328,16.458285712822928,-2.107078581246069,BULL_WEAK,Industrials,18.149569512633466,5.6100006103515625
2024-02-15,WST,SELL,359.91260159947956,23,8277.98983678803,8.27798983678803,8.28627611290051,8269.711846951242,2024-01-31,372.8186726394111,8574.829470706454,-305.11762375521175,-3.461755536159594,-3.461755536159594,-1.057404516362796,11,STOP_LOSS,360.2728744739535,414.63799985760306,410.9048461914063,348.9208984375,10.215736589146651,-6.410026094649213,BULL_WEAK,Health Care,23.318448372247722,8.363865443638389
2024-02-15,MSTR,SELL,71.79043485109517,123,8830.223486684707,8.830223486684707,8.839062549233915,8821.393263198022,2024-02-14,78.44236914247995,9648.411404525034,-827.0181413270111,-8.480027266007784,-8.480027266007784,-1.0218314833219384,1,STOP_LOSS,71.86229714824341,100.37594245660173,78.44236914247995,71.80000305175781,0.0,-8.467829520366955,BULL_WEAK,Technology,46.89724084090543,4.386714662824358
2024-02-16,SMCI,SELL,100.95941537933491,125,12619.926922416864,12.619926922416864,12.632559481899008,12607.306995494448,2024-02-12,77.47440974539657,9684.30121817457,2923.005777319877,30.313242412710075,30.313242412710075,3.3047825934891484,4,TAKE_PROFIT,70.3985899124585,101.0604758551901,100.4000015258789,77.3010025024414,29.591179662836396,-0.22382518760069026,BULL_WEAK,Information Technology,76.05614212141909,4.717213221958706
2024-02-20,NVDA,SELL,69.3199040167881,130,9011.587522182454,9.011587522182454,9.02060813031241,9002.575934660272,2024-02-13,73.00954469319844,9491.240810115796,-488.66487545552445,-5.0536415367538385,-5.0536415367538385,-1.0383147971365698,4,STOP_LOSS,69.3892933100982,85.07704930353256,73.86297607421875,69.41719818115234,1.1689312467385138,-4.920379283478471,BULL_WEAK,Information Technology,43.330649048534504,2.4135009220668246
2024-02-21,APP,SELL,54.4578399645748,162,8822.170074261117,8.822170074261118,8.83100107533636,8813.347904186856,2024-02-16,59.20810309835967,9591.712701934266,-778.3647977474102,-8.022994970626707,-8.022994970626707,-1.023206127699861,2,STOP_LOSS,54.51235231689169,74.86060570325294,59.869998931884766,55.41999816894531,1.1179142699868638,-6.397950164222211,BULL_WEAK,Information Technology,41.26158101680027,3.130500520978655
2024-02-28,MSTR,SELL,95.3140625092728,135,12867.398438751829,12.86739843875183,12.880278717469551,12854.531040313077,2024-02-15,71.47232702057813,9648.764147778049,3205.766892535028,33.3579953005171,33.3579953005171,3.306774396751178,8,TAKE_PROFIT,64.29118353237536,95.40947198125406,96.29499816894533,67.27999877929688,34.73046447923866,-5.865666357937693,BULL_WEAK,Technology,43.18067186123839,4.787428992135184
2024-03-04,GWW,SELL,994.4189617940968,10,9944.189617940969,9.94418961794097,9.95414376170288,9934.245428323027,2024-01-31,869.4223151002336,8694.223151002336,1240.0222773206915,14.37697704819696,14.37697704819696,3.280688922749972,22,TAKE_PROFIT,831.6246967792235,995.4143761702671,973.0126342773438,869.4223151002336,11.91484476277418,0.0,BULL_WEAK,Industrials,23.549862599181,25.198412214006698
2024-03-04,AMD,SELL,207.54912567054038,56,11622.75103755026,11.62275103755026,11.634385422973537,11611.12828651271,2024-02-09,171.55331831795118,9606.985825805266,2004.1424607074441,20.982285685594128,20.982285685594128,3.2950952926875536,15,TAKE_PROFIT,160.6922490474085,207.75688255309348,205.3600006103516,164.2899932861328,19.706224644249804,-4.233858664486312,BULL_WEAK,Information Technology,42.72484019446355,7.240712847028457
2024-03-04,MSTR,SELL,135.10166293971633,101,13645.26795691135,13.64526795691135,13.658926883795033,13631.622688954438,2024-02-28,97.65654460404738,9863.311005008785,3768.3116839456525,38.343685502586425,38.343685502586425,3.3093546206003013,3,TAKE_PROFIT,86.38243803339483,135.2368998395559,133.4010009765625,96.29499816894533,36.6022129058964,-1.3942193435396488,BULL_WEAK,Technology,62.59105288842908,7.516071047101701
2024-03-05,MSTR,SELL,118.18310001200518,81,9572.83110097242,9.57283110097242,9.582413514486916,9563.258269871449,2024-03-04,132.01397214880504,10693.131744053208,-1129.8734741817589,-10.47682446916286,-10.47682446916286,-1.0172458181612245,1,STOP_LOSS,118.3014014134186,177.72254126675983,133.4010009765625,105.10099792480467,1.0506682021460767,-20.386458937592067,BULL_WEAK,Technology,93.00383434559872,9.141713823590958
2024-03-08,SMCI,SELL,119.34323257819699,120,14321.18790938364,14.32118790938364,14.33552343281633,14306.866721474256,2024-02-16,79.9041306786567,9588.495681438804,4718.371040035452,49.358026380574735,49.358026380574735,3.3132107690376125,14,TAKE_PROFIT,68.03656130021257,119.46269527347046,115.97599792480467,73.41699981689453,45.14393303547095,-8.118642686760314,BULL_WEAK,Information Technology,69.1029966189328,7.911712918962752
2024-03-08,NVDA,SELL,95.82310751713685,125,11977.888439642105,11.977888439642106,11.98987831796039,11965.910551202463,2024-02-22,78.39036726808064,9798.79590851008,2167.114642692384,22.238370423038646,22.238370423038646,3.2968707358910336,11,TAKE_PROFIT,73.13176948540067,95.91902654368053,92.62689971923828,77.62407684326172,18.161073799375526,-0.9775313619827086,BULL_WEAK,Information Technology,44.0938884760431,3.505731855119978
2024-03-11,CMG,SELL,52.61590995597838,201,10575.797901151655,10.575797901151654,10.58638428543754,10565.222103250502,2024-03-04,53.79002064811676,10811.79415027147,-246.57204702096715,-2.182766762294386,-2.182766762294386,-1.093883123536497,5,STOP_LOSS,52.668578534512896,59.16902271292844,54.40599822998047,53.251800537109375,1.1451521572994228,-1.0005947283945216,BULL_WEAK,Consumer Discretionary,31.515178085788197,0.7476280757359086
2024-03-11,MSTR,SELL,160.81829993119314,99,15921.01169318812,15.92101169318812,15.936948641830469,15905.090681494932,2024-03-05,106.67213450040774,10560.541315540366,5344.549365954566,50.75942811529512,50.75942811529512,3.31358163025878,4,TAKE_PROFIT,90.379991087409,160.97927921040355,148.42300415039062,105.10099792480467,39.13943397263069,-1.4728650391795273,BULL_WEAK,Technology,67.68294746400431,10.861428941999161
2024-03-14,DELL,SELL,105.72861753441784,92,9727.032813166441,9.72703281316644,9.736769582749787,9717.305780353274,2024-03-04,117.00832261803092,10764.765680858844,-1047.4599005055697,-9.640087842670164,-9.640087842670164,-1.018933731783328,8,STOP_LOSS,105.83445198640425,154.2545580567865,118.30885314941406,103.41580200195312,1.1114854928983675,-11.616712650817195,BULL_WEAK,Information Technology,35.96391576763006,7.449247087751117
2024-03-18,SMCI,SELL,97.86144477297883,98,9590.421587751925,9.590421587751926,9.600021609361733,9580.831166164173,2024-03-08,115.00851295488339,11270.834269578572,-1690.0031034143994,-14.909390393240862,-14.909390393240862,-1.0114856941499466,6,STOP_LOSS,97.95940417715599,171.83887554730805,118.80699920654295,100.06800079345705,3.3027870320779362,-12.990788053478564,BULL_WEAK,Information Technology,83.86643571080917,11.366072518484932
2024-03-19,MSTR,SELL,126.0270792373008,77,9704.085101272161,9.704085101272161,9.713798900172705,9694.38101617089,2024-03-11,147.15644662469523,11331.046390101534,-1636.665373930644,-14.358438160227083,-14.358438160227083,-1.0120067485789048,6,STOP_LOSS,126.15323246977057,217.16716047444413,178.23599243164062,141.75,21.120070863229003,-3.6739448041197442,BULL_WEAK,Technology,93.52782351581234,14.002142769949776
2024-03-20,CMG,SELL,59.636502667134934,210,12523.665560098336,12.523665560098337,12.53620176185997,12511.141894538237,2024-03-14,54.269271696364484,11396.54705623654,1114.5948383016967,9.889999999999999,9.889999999999999,4.156252885998122,4,TAKE_PROFIT,52.992257372721205,59.696198866000934,57.900001525878906,54.269271696364484,6.690212925333294,0.0,BULL_WEAK,Consumer Discretionary,32.31292394638111,0.8513428824288515
2024-03-25,COIN,SELL,277.6288729680994,49,13603.814775436871,13.603814775436872,13.617432207645436,13590.210960661434,2024-02-28,200.43891857231017,9821.507010043199,3768.7039506182355,38.510462411990254,38.510462411990254,3.3094294139407836,18,TAKE_PROFIT,177.19856021964904,277.9067797478473,279.7099914550781,200.43891857231017,39.54874305219831,0.0,BULL_WEAK,Financials,42.415631674289514,15.49357223510742
2024-04-04,PSX,SELL,173.46940458492085,63,10928.572488850014,10.928572488850014,10.939512000851693,10917.643916361163,2024-01-03,126.03944317960278,7940.484920314975,2977.158996046188,37.63104644768358,37.63104644768358,3.3090275791643355,63,TAKE_PROFIT,111.7583618437176,173.64304763255342,163.7285614013672,120.16254425048828,29.90263783382352,-4.662745868164531,BULL_WEAK,Energy,19.011549454389733,9.520720890590125
2024-04-09,APP,SELL,78.21586739699013,176,13765.992661870263,13.765992661870262,13.77977243430405,13752.226669208392,2024-03-04,61.288088560501805,10786.703586648318,2965.523082560074,27.62001431938561,27.62001431938561,3.3026560513659793,25,TAKE_PROFIT,56.18626666108774,78.29416155854868,78.05000305175781,60.02999877929688,27.34938368115223,-2.052747623158413,BULL_WEAK,Information Technology,31.45624016676653,3.4012145996093746
2024-04-15,APP,SELL,71.9002907324017,151,10856.943900592656,10.856943900592656,10.86781171230571,10846.086956692063,2024-04-09,76.99340813481884,11626.004628357645,-779.917671665582,-6.615004486486509,-6.615004486486509,-1.0286533349928988,4,STOP_LOSS,71.9722629953971,93.73055859955795,78.23999786376953,71.43000030517578,1.6190863077107265,-7.225823566481537,BULL_WEAK,Information Technology,74.3603125874833,3.347430092947824
2024-04-16,PLTR,SELL,21.555367022860324,504,10863.904979521603,10.863904979521603,10.874779759281239,10853.041074542081,2024-04-01,23.01801527278331,11601.079697482788,-748.0386229407068,-6.354363017789955,-6.354363017789955,-1.0299307264057076,11,STOP_LOSS,21.57694396682715,27.82158629263717,23.01801527278331,21.8799991607666,0.0,-4.944023620326233,BULL_WEAK,Information Technology,91.49259148447828,0.9607142039707727
2024-04-16,COIN,SELL,210.5861883865304,48,10108.137042553459,10.108137042553459,10.118255297851192,10098.028905510906,2024-04-05,237.73162489390984,11411.117994907672,-1313.0890893967662,-11.418521418634707,-11.418521418634707,-1.0156446561467487,7,STOP_LOSS,210.7969853719023,327.5137566339349,263.010009765625,218.8300018310547,10.633160347511982,-7.950823989568145,BULL_WEAK,Financials,53.68790810413797,17.956426348005017
2024-04-18,PLTR,SELL,20.699217559583172,512,10597.999390506584,10.597999390506585,10.60860799850525,10587.401391116078,2024-04-16,22.16743772596209,11349.72811569259,-762.326724576511,-6.623319233054003,-6.623319233054003,-1.028614264944647,2,STOP_LOSS,20.719937497080252,26.99243848890154,22.16743772596209,21.1299991607666,0.0,-4.680011185868627,BULL_WEAK,Information Technology,90.20920670724259,0.9650001525878906
2024-04-19,SMCI,SELL,79.6218555111636,112,8917.647817250323,8.917647817250323,8.926574391642134,8908.730169433073,2024-03-18,100.54770160820115,11261.34258011853,-2352.612410685457,-20.811859209450823,-20.811859209450823,-1.0076428239415651,23,STOP_LOSS,79.70155706823184,142.23999068813976,104.27899932861328,71.36499786376953,3.7109726634544815,-29.023740252309594,NEUTRAL_BULLISH,Information Technology,49.91589804754996,10.423072269984655
2024-04-19,DDOG,SELL,119.91583290260951,89,10672.509128332247,10.672509128332248,10.683192320652964,10661.836619203916,2024-04-16,126.4754780264904,11256.317544357646,-594.4809251537299,-5.186495616570808,-5.186495616570808,-1.037261841855323,3,STOP_LOSS,120.03586877138089,147.9408422101888,126.9499969482422,120.08999633789062,0.37518650188648195,-5.048790317489327,BULL_WEAK,Information Technology,51.37346524010223,4.293072836739677
2024-04-19,MRVL,SELL,62.73845537162066,165,10351.845136317408,10.351845136317408,10.362207343660899,10341.49329118109,2024-04-17,67.54212615034363,11144.4508148067,-802.9575236256096,-7.112110696708552,-7.112110696708552,-1.026480313667103,2,STOP_LOSS,62.80125662824891,83.34502455732606,67.54212615034363,61.833587646484375,0.0,-8.45181937440419,BULL_WEAK,Technology,49.607716019902135,3.1605796813964844
2024-04-25,META,SELL,443.42264506887886,19,8425.030256308699,8.425030256308698,8.433463720028328,8416.60522605239,2024-02-02,467.7786536528644,8887.794419404425,-471.18919335203464,-5.206737929101823,-5.206737929101823,-1.037106218002664,57,STOP_LOSS,443.8665115804593,547.4857938942149,524.6651000976562,439.1411437988281,12.160975281913334,-6.122021522445953,BULL_WEAK,Communication Services,43.76195109137306,15.941428048270089
2024-04-26,CMG,SELL,63.872281475361014,199,12710.584013596841,12.710584013596842,12.723307320917883,12697.873429583244,2024-03-21,57.754216034205704,11493.088990806935,1204.784438776309,10.593279350431839,10.593279350431839,3.264419031126439,25,TAKE_PROFIT,55.899615536551195,63.93621769305407,63.73939895629883,57.120601654052734,10.363196547501087,-1.0970876650419847,BULL_WEAK,Consumer Discretionary,35.04701436213203,1.2364003317696728
2024-05-01,MSTR,SELL,101.91529478838154,77,7847.477698705379,7.847477698705379,7.855333031737416,7839.630221006674,2024-03-19,143.2875943008866,11033.144761168269,-3193.5145401615946,-28.873608852437183,-28.873608852437183,-1.0049413911419014,30,STOP_LOSS,102.01731210048203,225.82815870169577,191.9160003662109,102.8270034790039,33.93762474873472,-28.237329979119032,NEUTRAL_BULLISH,Technology,77.95101919764639,20.635141100202286
2024-05-07,DDOG,SELL,114.81339540477094,88,10103.578795619844,10.103578795619844,10.11369248810854,10093.475216824223,2024-04-19,121.92389595488757,10729.302844030106,-635.8276272058829,-5.831917110610984,-5.831917110610984,-1.0328410188185413,12,STOP_LOSS,114.92832372849945,145.24247004284797,131.4499969482422,112.4000015258789,7.813153376331838,-7.811343588079367,BULL_WEAK,Information Technology,49.65641232934165,4.66371481759208
2024-05-08,ZS,SELL,165.90087765743044,63,10451.755292418118,10.451755292418119,10.462217509927399,10441.3035371257,2024-04-22,173.37462173477522,10922.60116929084,-481.2976321651404,-4.310748598937364,-4.310748598937364,-1.0454272700106113,12,STOP_LOSS,166.06694460203246,197.73354551058435,179.0399932861328,170.97000122070312,3.267705212372052,-1.3869506909440443,BULL_WEAK,Technology,47.48074390515971,4.871784755161828
2024-05-08,CCL,SELL,13.996311212426415,743,10399.259230832826,10.399259230832826,10.40966889973309,10388.859971601993,2024-05-01,14.69282152169885,10916.766390622246,-527.9064190202535,-4.740480296747673,-4.740480296747673,-1.041035360072594,5,STOP_LOSS,14.010321533960376,16.967821480827094,14.69282152169885,14.119999885559082,0.0,-3.8986496589086372,BULL_WEAK,Consumer Discretionary,56.93211720326275,0.454999991825649
2024-05-09,APP,SELL,88.31632927827427,161,14218.929013802157,14.218929013802157,14.23316217597808,14204.710084788354,2024-04-15,70.50687198661691,11351.606389845323,2853.103694943031,25.25917941025353,25.25917941025353,3.3004204518884066,18,TAKE_PROFIT,65.13751337891603,88.40473401228655,84.69000244140625,66.80000305175781,20.11595473627232,-5.2574576497489645,BULL_WEAK,Information Technology,68.12168116424799,3.5795724051339284
2024-05-23,DELL,SELL,160.13552114050887,86,13771.654818083764,13.771654818083764,13.78544025834259,13757.88316326568,2024-05-09,128.1635455995213,11022.064921558833,2735.8182417068474,24.946232090747465,24.946232090747465,3.3000924693922777,10,TAKE_PROFIT,118.52386419213781,160.29581695746634,149.77297973632812,127.77075958251952,16.860827340350614,-0.30647249587582026,BULL_WEAK,Information Technology,38.910173955539584,6.4264542715890025
2024-05-31,DELL,SELL,162.4477196108819,65,10559.101774707324,10.559101774707324,10.569671446154132,10548.542672932617,2024-05-29,178.33567527991661,11591.81889319458,-1043.2762202619633,-8.909017023148557,-8.909017023148557,-1.020670964137341,2,STOP_LOSS,162.61032994082274,230.75349307689623,178.33567527991661,136.10934448242188,0.0,-23.678005385751376,BULL_WEAK,Information Technology,52.270482882963464,10.483563559395927
2024-06-04,CCL,SELL,16.415755100706882,759,12459.558121436523,12.459558121436523,12.472030151589472,12447.098563315087,2024-05-08,14.435758662070633,10956.740824511611,1490.3577388034755,13.715915352884146,13.715915352884146,3.278488827562432,18,TAKE_PROFIT,13.836830074293358,16.43218728799488,16.940000534057617,14.300000190734863,17.347490565679635,-0.9404318436859849,BULL_WEAK,Consumer Discretionary,56.38029606001474,0.39928572518484934
2024-06-14,GNRC,SELL,132.61808785157308,79,10476.828940274274,10.476828940274274,10.487316256531386,10466.352111334,2024-05-09,140.755481449314,11119.683034495807,-653.3309231618077,-5.781226787015892,-5.781226787015892,-1.0331518762960161,25,STOP_LOSS,132.75083869026335,167.43762397948282,154.22999572753906,134.97000122070312,9.572994344150798,-4.110305452434004,BULL_WEAK,Industrials,38.109491267678735,5.336428506033761
2024-06-17,FSLR,SELL,266.95649427104206,39,10411.303276570641,10.411303276570642,10.421725001573122,10400.89197329407,2024-06-11,294.2451462334856,11475.560703105939,-1074.6687298118686,-9.274121361645104,-9.274121361645104,-1.0197687630508463,4,STOP_LOSS,267.2237179890311,384.3165737150007,300.7099914550781,261.3299865722656,2.197094940849964,-11.186305052964773,BULL_WEAK,Information Technology,43.93906965635147,18.014285496303014
2024-06-18,PLTR,SELL,25.476670129376267,527,13426.205158181292,13.426205158181292,13.439644802984397,13412.778953023111,2024-04-18,21.09502802764753,11117.079770570248,2295.699182452863,20.77097075190455,20.77097075190455,3.2947756042906318,42,TAKE_PROFIT,19.772884745438407,25.502172301677945,25.81999969482422,20.46999931335449,22.39850860109811,-2.9629195726778246,BULL_WEAK,Information Technology,88.06831519524556,0.8814288548060826
2024-06-24,MSTR,SELL,136.1839809184431,75,10213.798568883232,10.213798568883233,10.224022591474125,10203.58477031435,2024-05-15,153.19904915972623,11489.928686979467,-1286.343916665117,-11.106510343640007,-11.106510343640007,-1.0161448161383622,26,STOP_LOSS,136.32030121966275,209.46154229327115,172.7239990234375,137.21499633789062,12.74482444297318,-10.433519600484297,BULL_WEAK,Technology,56.056594855705036,11.252498626708984
2024-06-24,NVDA,SELL,123.06863050100347,89,10953.10811458931,10.953108114589309,10.964072186775553,10942.15500647472,2024-06-17,130.80424254165825,11641.577586207584,-699.4225797328636,-5.913884664857994,-5.913884664857994,-1.0323498238091595,4,STOP_LOSS,123.19182232332679,156.17897660276316,135.529541015625,118.0660400390625,3.612496339682436,-9.738371061274197,BULL_WEAK,Information Technology,43.817360052126425,5.074946812220981
2024-06-25,RCL,SELL,159.76376286883792,83,13260.392318113547,13.260392318113547,13.273665984098358,13247.131925795433,2024-04-25,133.38854610913913,11071.249327058547,2175.8825987368855,19.773224560164614,19.773224560164614,3.2931743285761303,41,TAKE_PROFIT,125.42800397526287,159.92368655539332,158.49325561523438,133.38854610913913,18.82073854043993,0.0,BULL_WEAK,Consumer Discretionary,30.093444127661233,5.307028089250837
2024-06-28,DAL,SELL,47.065060939088,218,10260.183284721184,10.260183284721185,10.270453738458912,10249.923101436463,2024-05-01,49.8198100816303,10860.718597795405,-610.7954963589418,-5.529425218660233,-5.529425218660233,-1.0347820757045953,40,STOP_LOSS,47.112173112200196,58.84526664639731,52.29090118408203,46.5767936706543,4.960057251127248,-6.509491717576377,BULL_WEAK,Industrials,42.23183413935251,1.8050913129534025
2024-07-01,PDD,SELL,130.8032908863716,84,10987.476434455215,10.987476434455216,10.998474909363836,10976.48895802076,2024-06-26,137.0113664645453,11508.954783021803,-532.4658250010434,-4.531066099381009,-4.531066099381009,-1.043069183484754,3,STOP_LOSS,130.93422511148307,157.26850430808602,138.22999572753906,131.94000244140625,0.8894366171503965,-3.7014184691394725,BULL_WEAK,Technology,29.225320367310225,4.051427568708148
2024-07-16,NCLH,SELL,19.883365554089945,688,13679.755501213882,13.679755501213883,13.693448950163258,13666.075745712667,2024-05-01,15.81398351734471,10880.02065993316,2786.055085779508,25.732808133269856,25.732808133269856,3.30090172128381,51,TAKE_PROFIT,14.587197925674266,19.903268822912857,20.3700008392334,15.56999969482422,28.810054828321196,-1.5428359480259224,BULL_WEAK,Consumer Discretionary,37.62992824952846,0.8178570611136295
2024-07-18,LLY,SELL,854.5217057263129,13,11108.782174442067,11.108782174442068,11.119902076518656,11097.673392267625,2024-07-01,887.6432811036254,11539.362654347131,-441.6892620795061,-3.7314060819715555,-3.7314060819715555,-1.0529935002856168,12,STOP_LOSS,855.377082809122,995.1972754186367,940.5490112304688,840.048095703125,5.960246785292456,-5.36197213607299,BULL_WEAK,Health Care,35.79152640650191,21.51079886300224
2024-07-25,NVDA,SELL,110.05475116669027,95,10455.201360835576,10.455201360835575,10.465667027862793,10444.74615947474,2024-06-24,118.83305949141211,11289.14065168415,-844.3944922094106,-7.387092752043667,-7.387092752043667,-1.0254056326560044,22,STOP_LOSS,110.16491608277303,147.7268708535424,134.85980224609375,112.23820495605467,13.48677112520178,-5.549679999473578,BULL_WEAK,Information Technology,33.24170138326899,5.77876227242606
2024-08-01,HOOD,SELL,20.183768165842988,528,10657.029591565097,10.657029591565097,10.667697288854072,10646.372561973532,2024-06-07,22.16661508013708,11703.972762312378,-1057.6002003388458,-8.945194866810635,-8.945194866810635,-1.0205782414296174,37,STOP_LOSS,20.20397213798097,28.708758220657455,24.6299991607666,20.239999771118164,11.113036752448924,-8.691517861675269,BULL_WEAK,Financials,40.1570690669567,1.3084286281040745
2024-08-02,SMCI,SELL,59.88006270153854,151,9041.88946793232,9.04188946793232,9.050940408340985,9032.847578464389,2024-04-19,71.08532359657677,10733.883863083092,-1701.0362846187036,-15.763114420960223,-15.763114420960223,-1.010750705750266,72,STOP_LOSS,59.94000270424279,108.23639323769004,95.23600006103516,62.46500015258789,33.97420908079174,-12.126727442236762,BULL_WEAK,Information Technology,100.0,7.4302139282226545
2024-08-02,APP,SELL,70.54950982734552,147,10370.777944619791,10.37077794461979,10.381159103723874,10360.407166675172,2024-06-24,76.71827367111769,11277.5862296543,-917.1790629791285,-8.040801165856449,-8.040801165856449,-1.0231496085382248,28,STOP_LOSS,70.62012995730282,97.04541938383392,87.93000030517578,68.72000122070312,14.614153965613808,-10.425511508121554,BULL_WEAK,Information Technology,34.93383750218915,4.065429142543247
2024-08-05,COIN,SELL,190.30794275622523,52,9896.013023323712,9.896013023323713,9.905918942266567,9886.117010300388,2024-04-16,216.86201236441485,11276.824642949572,-1390.7076326491842,-12.244684681597517,-12.244684681597517,-1.014444415801697,76,STOP_LOSS,190.49844119742266,304.7405829210555,265.1499938964844,189.47000122070312,22.266685163340828,-12.631078557770737,BULL_WEAK,Financials,50.58247322963723,17.57571411132812
2024-08-05,PLTR,SELL,22.57833819973112,466,10521.505601074703,10.521505601074702,10.53203763871278,10510.984095473628,2024-06-24,24.318117551716146,11332.242779099724,-821.2586836260962,-7.154251756062624,-7.154251756062624,-1.0263101824484953,29,STOP_LOSS,22.60093913886999,30.042045594536667,28.809999465942383,24.09000015258789,18.47133892939523,-0.938055335258281,BULL_WEAK,Information Technology,37.633297864473356,1.1447856085641044
2024-08-22,CHTR,SELL,340.4958699517984,30,10214.876098553952,10.214876098553953,10.225101199754363,10204.661222455397,2024-08-01,372.48384498155957,11174.515349446787,-969.8541269913894,-8.587748290491582,-8.587748290491582,-1.0215290422045176,15,STOP_LOSS,340.8367066584569,435.77812162776496,376.9700012207031,340.32000732421875,1.2043894787881815,-8.634961781747375,NEUTRAL_BULLISH,Communication Services,19.677053384570836,15.823569161551344
2024-08-23,ERIE,SELL,486.24552957275216,25,12156.138239318803,12.156138239318803,12.168306545864027,12143.982101079484,2024-08-05,424.04638362588133,10601.159590647034,1542.8225104324501,14.668005281645446,14.668005281645446,1.9689570340494245,14,TAKE_PROFIT,392.70344452152864,486.7322618345867,480.7685546875,424.04638362588133,13.376407216730879,0.0,NEUTRAL_BULLISH,Financials,14.101787962248931,15.671469552176344
2024-08-28,TPL,SELL,877.3420299173717,16,14037.472478677948,14.037472478677948,14.051524002679798,14023.43500619927,2024-07-01,719.4724081962781,11511.55853114045,2511.87647505882,21.94241501447898,21.94241501447898,3.296470632119356,41,TAKE_PROFIT,671.8480556048997,878.2202501675392,867.248291015625,719.4724081962781,20.539478809176572,0.0,BULL_WEAK,Energy,39.553634071984675,31.749568394252233
2024-09-04,GDDY,SELL,157.9026213641178,69,10895.280874124128,10.895280874124127,10.906187061185705,10884.385593250005,2024-08-29,161.86286220014696,11168.53749181014,-284.15189856013603,-2.446664282466615,-2.446664282466615,-1.083100560892492,3,STOP_LOSS,158.06068204616398,178.04914842016169,167.41000366210938,157.2899932861328,3.427062506224088,-2.8251501622155284,BULL_WEAK,Information Technology,18.134818380858412,2.5347867693219865
2024-09-05,CNC,SELL,71.10019609453829,148,10522.829021991667,10.522829021991667,10.533362384376005,10512.306192969676,2024-08-01,76.50993655815682,11323.47061060721,-811.1644176375339,-7.070637758935372,-7.070637758935372,-1.0266497559540742,24,STOP_LOSS,71.17136746200029,87.18707475046988,80.2300033569336,72.66000366210938,4.862200867137134,-5.031938424260796,NEUTRAL_BULLISH,Health Care,17.866493238328793,2.6692845480782643
2024-09-16,PLTR,SELL,36.7840882288501,373,13720.464909361088,13.720464909361088,13.734199108469056,13706.744444451726,2024-08-08,29.204337439118113,10893.217864791057,2813.526579660669,25.954195350376953,25.954195350376953,1.980672407409291,26,TAKE_PROFIT,25.396051589683125,36.82090913798809,36.310001373291016,29.204337439118113,24.330851364068717,0.0,NEUTRAL_BULLISH,Information Technology,16.292357495419417,1.9041429247174941
2024-09-25,ERIE,SELL,545.7029246835228,23,12551.167267721024,12.551167267721025,12.563730998720303,12538.616100453304,2024-08-23,483.8795275125142,11129.229132787827,1409.3869676654776,12.776609394661719,12.776609394661719,1.964984502477275,22,TAKE_PROFIT,452.69470434008116,546.2491738573802,535.4059448242188,477.2210998535156,10.648604535221207,-1.3760507069244365,NEUTRAL_BULLISH,Financials,17.33463355600161,15.592411586216523
2024-09-27,MSTR,SELL,173.73528760977885,89,15462.440597270317,15.462440597270318,15.47791851578657,15446.978156673047,2024-09-09,126.2092058528675,11232.619320905207,4214.35883576784,37.65658886429919,37.65658886429919,3.3090395143014,14,TAKE_PROFIT,111.89920856675212,173.90919680658544,176.22000122070312,124.81999969482422,39.625314991790184,-1.100716979126537,BULL_WEAK,Technology,24.779689362889403,9.539998190743585
2024-10-01,MSTR,SELL,163.76216034349613,65,10644.540422327249,10.64454042232725,10.65519561794602,10633.895881904922,2024-09-27,179.11466135711984,11642.45298821279,-1008.5571063078678,-8.571325706840828,-8.571325706840828,-1.0215746538660933,2,STOP_LOSS,163.92608642992607,229.7432444477658,179.11466135711984,162.69000244140625,0.0,-9.169913166943944,BULL_WEAK,Technology,44.30400979556873,10.125716618129188
2024-10-15,PDD,SELL,132.9467490229028,82,10901.63341987803,10.90163341987803,10.912545965843378,10890.731786458151,2024-10-01,142.89197435738723,11717.141897305753,-826.4101108476025,-6.959960753016414,-6.959960753016414,-1.0271119682970407,10,STOP_LOSS,133.07982885175454,175.59912604282948,154.27000427246094,128.2100067138672,7.962679476046786,-10.274872125987255,BULL_WEAK,Technology,56.85765019410919,6.541430337088451
2024-11-05,PLTR,SELL,50.10251251394378,276,13828.293453848482,13.828293453848483,13.842135589436992,13814.465160394633,2024-10-23,42.287304374156385,11671.296007267163,2143.16915312747,18.481216184031844,18.481216184031844,3.2908452728450466,9,TAKE_PROFIT,39.927696132666426,50.1526651791229,51.130001068115234,41.40999984741211,20.910996396741254,-2.0746286379049406,BULL_WEAK,Information Technology,55.74873365523041,1.5730721609933032
2024-11-06,KEY,SELL,18.1170988298042,860,15580.70499363161,15.580704993631612,15.596301294927883,15565.124288637979,2024-06-28,13.538107648070428,11642.772577340567,3922.3517112974114,33.82297807615977,33.82297807615977,3.307047106087045,91,TAKE_PROFIT,12.158969723331136,18.13523406386807,19.057647705078125,13.1516695022583,40.77039568963976,-2.854447282129613,BULL_WEAK,Financials,30.89199767215433,0.9194252831595281
2024-11-11,SHOP,SELL,89.23395924463208,151,13474.327845939444,13.474327845939445,13.487815661601317,13460.853518093505,2024-10-01,77.6839926712022,11730.282893351532,1730.570624741973,14.86788484509949,14.86788484509949,3.282196982810942,29,TAKE_PROFIT,74.1922057144151,89.32328252715924,89.98999786376953,77.6839926712022,15.841108019064553,0.0,BULL_WEAK,Technology,54.812061518826575,2.3278579711914062
2024-11-20,HOOD,SELL,37.69573726981865,400,15078.29490792746,15.07829490792746,15.09338829622493,15063.216613019533,2024-11-06,30.150256525689304,12060.102610275722,3003.1140027438105,25.026257198509327,25.026257198509327,3.3001771166890883,10,TAKE_PROFIT,27.87529226122833,37.73347074055921,36.08000183105469,29.36000061035156,19.667312947447012,-2.6210586787691614,BULL_WEAK,Financials,54.392210777656516,1.5166428429739809
2024-11-21,MSTR,SELL,413.34595711641316,26,10746.994885026743,10.746994885026742,10.757752637663884,10736.247890141716,2024-11-20,474.2364973159473,12330.14893021463,-1593.901040072913,-12.839699294372842,-12.839699294372842,-1.013676417086822,1,STOP_LOSS,413.7597168332464,675.825765591617,474.2364973159473,397.2799987792969,0.0,-16.227451698088146,BULL_WEAK,Technology,99.05468645651314,40.31785365513393
2024-11-25,LMT,SELL,520.0928301002627,20,10401.856602005255,10.401856602005255,10.412268870875323,10391.454745403249,2024-09-04,553.7401656071436,11074.80331214287,-683.3485667396217,-6.0763761772614995,-6.0763761772614995,-1.0314159146701634,58,STOP_LOSS,520.6134435438065,664.1625724849338,597.7944946289062,507.611328125,7.955776329401654,-8.330412050129333,BULL_WEAK,Industrials,24.259416222918986,22.084481375558035
2024-12-04,APP,SELL,376.8287321317778,42,15826.80674953467,15.82680674953467,15.842649398933077,15810.979942785134,2024-11-11,291.47202846291407,12241.82519544239,3569.1547473427436,29.28469813003831,29.28469813003831,3.304016474785817,16,TAKE_PROFIT,265.751855580834,377.20593806984766,373.7000122070313,283.9599914550781,28.2112778292136,-2.577275441300797,BULL_WEAK,Information Technology,81.24208585122838,17.14678192138672
2024-12-09,RTX,SELL,114.98129553344027,93,10693.260484609946,10.693260484609945,10.70396444905873,10682.567224125336,2024-09-04,120.2444226151501,11182.731303208959,-500.1640790836227,-4.3770238712483085,-4.3770238712483085,-1.0446923690481,67,STOP_LOSS,115.09639192536564,137.40452491443162,124.71109771728516,114.89860534667967,3.7146630213618526,-4.445792288911443,BULL_WEAK,Industrials,25.088947370911388,3.4320204598563047
2024-12-09,APP,SELL,335.8651575306467,34,11419.415356041987,11.419415356041988,11.430846202243856,11407.995940685945,2024-12-04,368.0878225997762,12514.98596839239,-1106.9900277064444,-8.75406984168704,-8.75406984168704,-1.0210768595265811,3,STOP_LOSS,336.2013588895362,474.37603496724273,401.5,342.5400085449219,9.077229766591067,-6.94068439276585,BULL_WEAK,Information Technology,100.0,21.25764247349331
2024-12-10,AFL,SELL,103.13456216212059,103,10622.859902698421,10.622859902698421,10.633493396095034,10612.237042795723,2024-08-28,108.42819014021813,11168.103584442468,-555.8665416467447,-4.882151008194347,-4.882151008194347,-1.0397604717644433,72,STOP_LOSS,103.23779996208268,125.72949073400301,112.86077880859376,102.33454895019533,4.088040815440563,-5.619978699397798,BULL_WEAK,Financials,17.259851717627665,3.4602601187569744
2024-12-12,UNH,SELL,515.6543621392156,19,9797.432880645096,9.797432880645095,9.807240120766778,9787.63544776445,2024-08-05,562.4796757382937,10687.113839027581,-899.4783912631301,-8.324800987274195,-8.324800987274195,-1.022281234902825,91,STOP_LOSS,516.1705326718875,655.0979618711062,611.9779052734375,506.7481384277344,8.800003212591445,-9.908186858024305,NEUTRAL_BULLISH,Health Care,14.85016021672095,23.154571533203125
2024-12-18,COIN,SELL,277.656928634431,38,10550.963288108378,10.550963288108377,10.561524812921448,10540.41232482027,2024-12-09,316.12271553999085,12012.663190519652,-1472.2508656993814,-12.16799205329292,-12.16799205329292,-1.0145489144432727,7,STOP_LOSS,277.9348634979289,443.4155556801974,316.12271553999085,279.8599853515625,0.0,-11.471092840160345,BULL_WEAK,Financials,52.335864664381546,25.4585680280413
2024-12-20,MSTR,SELL,319.4081233917968,30,9582.243701753903,9.582243701753903,9.591835537291331,9572.66145805215,2024-11-25,404.51106199743435,12135.33185992303,-2562.6704018708806,-21.0384700446529,-21.0384700446529,-1.0075384733480583,18,STOP_LOSS,319.7278512430398,687.1217645120828,411.3999938964844,326.4599914550781,1.7030268257765657,-19.295163439276052,BULL_WEAK,Technology,73.86469056233744,56.52214050292969
2024-12-30,MSTR,SELL,315.5682643786758,32,10098.184460117625,10.098184460117626,10.108292752869602,10088.086275657508,2024-12-20,370.78628301381013,11865.161056441924,-1777.0747807844164,-14.892141690440507,-14.892141690440507,-1.0115014182747282,5,STOP_LOSS,315.88414852720297,553.7933979691674,370.78628301381013,302.9599914550781,0.0,-18.29255683555203,BULL_WEAK,Technology,61.614917372577885,36.601422991071445
2025-01-02,TSLA,SELL,389.63381219099483,29,11299.38055353885,11.29938055353885,11.310691244783357,11288.08117298531,2024-12-12,416.06275465843925,12065.819885094737,-777.7387121094271,-6.352152931627075,-6.352152931627075,-1.0299420133091592,13,STOP_LOSS,390.02383602702184,502.8591500964974,479.8599853515625,379.2799987792969,15.333559656282292,-8.84067498647858,BULL_WEAK,Consumer Discretionary,56.926265455700744,17.359279087611622
2025-01-02,PLTR,SELL,72.70295474120559,146,10614.631392216015,10.614631392216015,10.625256648864706,10604.016760823799,2024-12-20,80.94323001391359,11817.711582031385,-1213.6948212075858,-10.18031436513166,-10.18031436513166,-1.0178119000142676,7,STOP_LOSS,72.77573047167726,108.16822848803469,82.37999725341797,75.19000244140625,1.7750307706492663,-7.107731642928505,BULL_WEAK,Information Technology,52.80086836731677,5.444999694824219
2025-01-10,PGR,SELL,235.56656077023408,45,10600.495234660533,10.600495234660533,10.611106341001175,10589.894739425872,2024-09-03,248.1244227647151,11165.599024412179,-575.7042849863064,-5.06111484494578,-5.06111484494578,-1.0382540693687623,89,STOP_LOSS,235.80236313336744,289.19795486920725,263.49932861328125,234.7954864501953,6.196450021828559,-5.371875999147003,BULL_WEAK,Financials,26.944255854808965,8.214706420898434
2025-01-10,ALL,SELL,177.14184790439302,63,11159.93641797676,11.15993641797676,11.171107525501952,11148.776481558783,2024-09-26,185.24165187807023,11670.224068318425,-521.4475867596411,-4.372560863908004,-4.372560863908004,-1.0447411416529704,72,STOP_LOSS,177.31916707146448,211.64993456675603,204.35714721679688,177.81021118164062,10.319220944600982,-4.011754711257454,BULL_WEAK,Financials,23.479343566077212,5.281656537737161
2025-01-22,ARM,SELL,165.7162611356998,88,14583.030979941583,14.583030979941583,14.597628608551304,14568.44794896164,2025-01-02,130.13500757166852,11451.88066630683,3116.5672826548107,27.34180004902662,27.34180004902662,3.3024125898151455,12,TAKE_PROFIT,119.41086685947545,165.8821432789788,179.92999267578125,128.1999969482422,38.264096674132375,-1.4869255087726296,BULL_WEAK,Technology,88.81346086530056,7.14942714146205
2025-01-22,UAL,SELL,113.14628606939884,119,13464.408042258461,13.464408042258462,13.477885928186012,13450.943634216203,2025-01-02,96.7095387485588,11508.435111078497,1942.5085231377052,16.99599391490738,16.99599391490738,3.2877329833332083,12,TAKE_PROFIT,91.74453668862228,113.25954561501385,110.5199966430664,95.43000030517578,14.280347185208164,-1.3230736698163437,BULL_WEAK,Industrials,26.870589389469586,3.3100013732910116
2025-01-23,ARM,SELL,164.6014911805423,69,11357.502891457418,11.357502891457418,11.368871763220284,11346.145388565961,2025-01-22,177.71672114168075,12262.453758775971,-916.3083702100103,-7.379851415716043,-7.379851415716043,-1.025432892300559,1,STOP_LOSS,164.76625743798027,220.884933487349,179.92999267578125,166.55999755859375,1.2453929601458302,-6.277813090076401,BULL_WEAK,Technology,100.0,8.63364246913365
2025-01-27,ARM,SELL,151.58288234421943,73,11065.550411128019,11.065550411128019,11.07662703816706,11054.484860716891,2025-01-23,166.18507984744596,12131.510828863555,-1077.0259681466632,-8.78670787812661,-8.78670787812661,-1.0209901580103486,2,STOP_LOSS,151.73461696118062,214.35328946833044,166.55999755859375,145.9600067138672,0.22560250985945718,-12.170209956360056,BULL_WEAK,Technology,100.0,9.633641924176898
2025-02-04,PLTR,SELL,101.84070868983711,147,14970.584177406055,14.970584177406057,14.985569747152852,14955.613593228649,2025-02-03,82.20514883437723,12084.156878653452,2871.456714575197,23.88604623175201,23.88604623175201,3.2989177396412734,1,TAKE_PROFIT,76.2838980823369,101.94265134117829,103.83000183105467,82.20514883437723,26.305959302191773,0.0,BULL_WEAK,Information Technology,46.19412782212205,3.9475005013602122
2025-02-11,TSLA,SELL,331.745480254917,30,9952.36440764751,9.95236440764751,9.962326734382145,9942.412043239863,2025-01-02,372.90326320474986,11187.097896142495,-1244.6858529026322,-11.037120618393292,-11.037120618393292,-1.0162599281921385,26,STOP_LOSS,332.07755781272976,508.98894784481695,428.2200012207031,328.5,14.834071855676022,-11.907448281129518,BULL_WEAK,Consumer Discretionary,30.957000016625226,27.21713692801341
2025-02-13,APP,SELL,480.28724678040726,35,16810.053637314253,16.810053637314255,16.826880517832592,16793.24358367694,2024-12-09,343.5226512872504,12023.292795053765,4769.950788623175,39.81239518869326,39.81239518869326,3.309991797730934,44,TAKE_PROFIT,302.34904223486484,480.7680147952025,471.6700134277344,313.07000732421875,37.30390460724766,-8.864813964645224,BULL_WEAK,Information Technology,70.16150713806107,27.449072701590406
2025-02-13,UAL,SELL,100.14888084058326,115,11517.121296667076,11.517121296667076,11.528649946613214,11505.604175370408,2025-01-22,106.83413150733185,12285.925123343162,-780.3209479727539,-6.257598178059598,-6.257598178059598,-1.0304324926413273,16,STOP_LOSS,100.24912997055381,128.78413662992534,109.4000015258789,100.88999938964844,2.4017324635348114,-5.563888650393977,BULL_WEAK,Industrials,29.70824894202643,4.390001024518696
2025-02-13,HOOD,SELL,61.561133559239266,249,15328.722256250578,15.328722256250577,15.344066322573838,15313.393533994327,2025-01-22,49.28025290412556,12270.782973127265,3042.6105608670623,24.920490320952872,24.920490320952872,3.3000651256965323,16,TAKE_PROFIT,45.57750188069678,61.622756315554824,63.79999923706055,47.7400016784668,29.463619761008665,-3.1254937523460202,BULL_WEAK,Financials,27.638447795385368,2.4685006822858524
2025-02-18,META,SELL,707.556220813071,17,12028.455753822207,12.028455753822207,12.040496250072806,12016.427298068385,2025-02-13,737.9909845833862,12545.846737917565,-529.41943984918,-4.1240021092529116,-4.1240021092529116,-1.0476282354183932,2,STOP_LOSS,708.2644852983694,837.079315533442,737.9909845833862,714.7005615234375,0.0,-3.155922436247194,BULL_WEAK,Communication Services,37.11626100907031,19.81766619001116
2025-02-20,PLTR,SELL,96.3464225509563,119,11465.2242835638,11.465224283563801,11.476700984549012,11453.759059280237,2025-02-04,104.49840250394942,12435.30989796998,-981.5508386897436,-7.801057009158607,-7.801057009158607,-1.0239325182010082,11,STOP_LOSS,96.44286541637268,131.35019279587186,124.62000274658205,101.36000061035156,19.25541420776471,-3.003301312170059,BULL_WEAK,Information Technology,55.684432887235054,5.370358058384487
2025-02-20,HOOD,SELL,57.57415390864231,203,11687.55324345439,11.68755324345439,11.699252495949672,11675.865690210934,2025-02-13,62.787286515041515,12745.819162553427,-1069.9534723424931,-8.30284743257751,-8.30284743257751,-1.0223462169068618,4,STOP_LOSS,57.63178569433664,79.97228925072442,65.27999877929688,56.060001373291016,3.9700907661588403,-10.714406554484391,BULL_WEAK,Financials,41.476480535429516,3.43700054713658
2025-02-21,NCLH,SELL,24.318707173622737,454,11040.693056824723,11.040693056824724,11.05174480162708,11029.652363767898,2024-11-05,25.773407203216703,11701.126870260383,-671.4745064924846,-5.644189835375779,-5.644189835375779,-1.034020708186357,72,STOP_LOSS,24.343050223846586,30.541263801117093,29.06999969482422,24.11000061035156,12.790673990500089,-6.453964661131573,BULL_WEAK,Consumer Discretionary,45.87517448427709,0.9535713195800779
2025-02-21,APP,SELL,417.7621737955748,27,11279.57869248052,11.27957869248052,11.290869562042985,11268.29911378804,2025-02-13,463.439749204133,12512.873228511591,-1244.5741147235512,-9.85620579309403,-9.85620579309403,-1.0184700331708005,5,STOP_LOSS,418.18035414972456,614.3043993854945,510.1300048828125,415.30999755859375,10.074719693090817,-10.385330936371496,BULL_WEAK,Information Technology,75.18005052990226,30.172930036272312
2025-02-24,PLTR,SELL,93.17535979855577,116,10808.34173663247,10.808341736632471,10.819160897530082,10797.533394895838,2025-02-20,106.54630732538538,12359.371649744704,-1561.8382548488662,-12.549423684854343,-12.549423684854343,-1.0140419112144639,2,STOP_LOSS,93.26862842698276,150.80523698672746,106.54630732538538,90.68000030517578,0.0,-14.891465897316314,BULL_WEAK,Information Technology,52.416204166745985,8.851785932268417
2025-02-24,SMCI,SELL,51.249398112067674,209,10711.124205422144,10.711124205422145,10.721846051473307,10700.413081216722,2025-02-20,59.122128812818595,12356.524921879087,-1656.1118406623646,-13.316047407014198,-13.316047407014198,-1.0131114255190556,2,STOP_LOSS,51.30069881087855,85.19356215261875,59.27000045776367,51.61000061035156,0.2501121795076777,-12.706119270925653,BULL_WEAK,Information Technology,43.523603798401616,5.214286667960031
2025-02-25,MSTR,SELL,251.09493560615303,38,9541.607553033815,9.541607553033815,9.551158711745245,9532.065945480781,2024-12-30,298.9712753485601,11360.908463245283,-1828.8425177645022,-16.013692180491155,-16.013692180491155,-1.010549948272659,37,STOP_LOSS,251.34628188804106,457.7212535502901,396.5,250.50999450683597,32.62143647002027,-16.20934345121444,BULL_WEAK,Technology,50.36789358086401,31.749995640346004
2025-02-26,APP,SELL,364.4965380613346,28,10205.903065717368,10.205903065717369,10.2161191849018,10195.697162651652,2025-02-21,421.2021511087446,11793.660231044849,-1597.9630683931973,-13.462802338055946,-13.462802338055946,-1.0129454775839624,3,STOP_LOSS,364.8613994607954,609.0046566019087,421.2021511087446,331.0,0.0,-21.415406087386412,BULL_WEAK,Information Technology,60.130536363854084,37.5605010986328
2025-02-27,SMCI,SELL,43.25206050150081,225,9731.713612837682,9.731713612837682,9.741455067906024,9721.981899224844,2025-02-24,51.98678594921608,11697.026838573618,-1975.0449393487743,-16.80181855490719,-16.80181855490719,-1.0099577877799353,3,STOP_LOSS,43.29535585735817,80.95821958874244,51.98678594921608,42.95000076293945,0.0,-17.38285031720237,BULL_WEAK,Information Technology,29.93257864296871,5.7942867279052725
2025-02-28,ARM,SELL,127.86239947318327,83,10612.579156274212,10.612579156274213,10.623202358632625,10601.966577117939,2025-01-27,143.21099762061468,11886.512802511019,-1284.54622539308,-10.717471704297399,-10.717471704297399,-1.016809630299355,23,STOP_LOSS,127.99038986304632,193.9463568125092,173.25999450683594,130.33999633789062,20.98232495092669,-8.987439160797607,BULL_WEAK,Technology,97.95620874830664,10.147071838378906
2025-03-03,INTC,SELL,22.61569364394709,530,11986.317631291957,11.986317631291957,11.998315947239142,11974.331313660665,2025-02-13,24.116903322750925,12781.958761057991,-807.6274473973263,-6.224719893402131,-6.224719893402131,-1.030606589067859,11,STOP_LOSS,22.638331975923013,29.04547447884397,27.38999938964844,22.739999771118164,13.571792460642351,-5.709288349362184,BULL_WEAK,Information Technology,36.22532662490437,0.9857142312186095
2025-03-04,META,SELL,633.9250601186252,17,10776.726022016628,10.776726022016629,10.78751353555299,10765.949295994611,2025-02-24,660.0609603319741,11221.03632564356,-455.0870296489484,-3.9596191539951087,-3.9596191539951087,-1.049741882204219,6,STOP_LOSS,634.5596197383636,745.0654289773424,672.1300659179688,638.508544921875,1.8284834752118284,-3.2652158975224665,BULL_WEAK,Communication Services,31.53123896684875,17.00089372907366
2025-03-06,ISRG,SELL,541.8130914066076,19,10294.448736725544,10.294448736725544,10.304753490215262,10284.154287988818,2025-03-03,573.2554538289074,10891.85362274924,-607.6993347604221,-5.484878026417195,-5.484878026417195,-1.0350863525410035,3,STOP_LOSS,542.355446853461,635.0554677798003,573.2554538289074,538.5700073242188,0.0,-6.0506090736715095,NEUTRAL_BULLISH,Health Care,22.208428559204158,15.450003487723214
2025-03-07,LLY,SELL,888.8888614539982,11,9777.77747599398,9.77777747599398,9.787565041034554,9767.999698517986,2025-03-03,938.7254523150743,10325.979975465818,-557.980276947832,-5.308963418235835,-5.308963418235835,-1.0363387812370262,4,STOP_LOSS,889.7786400940922,1036.6190767570386,938.7254523150743,864.6295776367188,0.0,-7.893242320810745,NEUTRAL_BULLISH,Health Care,21.007207514261747,24.473406110491062
2025-03-10,PLTR,SELL,75.67493668205147,129,9762.066831984639,9.762066831984638,9.771838670655328,9752.304765152654,2025-02-24,90.20586603894168,11636.556719023476,-1884.251953870822,-16.108630175577765,-16.108630175577765,-1.0104755276647504,10,STOP_LOSS,75.75068736942089,138.3897949373443,90.68000030517578,76.37999725341797,0.525613562680527,-15.327017402122289,BULL_WEAK,Information Technology,38.69850372292107,9.636785779680524
2025-03-10,APP,SELL,246.04762063641095,34,8365.619101637973,8.365619101637973,8.373993094732668,8357.253482536335,2025-02-26,335.7142026368994,11414.28288965458,-3057.029407118245,-26.709201248023973,-26.709201248023973,-1.0055059265154032,8,STOP_LOSS,246.29391455096192,514.5547788087744,337.3399963378906,238.0800018310547,0.48427909460524443,-29.082535096509933,NEUTRAL_BULLISH,Information Technology,38.61234312148816,44.71014404296874
2025-03-10,MSTR,SELL,246.08482029401392,35,8612.968710290488,8.612968710290488,8.621590300590611,8604.355741580197,2025-03-06,306.14686669029754,10715.140334160415,-2110.7845925802176,-19.61870361294379,-19.61870361294379,-1.008232217398453,2,STOP_LOSS,246.33115144545937,425.7782971799739,306.14686669029754,239.2700042724609,0.0,-21.844699291170667,NEUTRAL_BULLISH,Technology,19.789970729591186,29.907857622419083
2025-03-12,BRO,SELL,116.85504105905854,86,10049.533531079034,10.049533531079035,10.059593124203076,10039.483997547955,2025-03-10,121.42782579883267,10442.79301869961,-403.3090211516537,-3.765845850974703,-3.765845850974703,-1.0524768585380482,2,STOP_LOSS,116.97201307213066,133.57060837871595,121.42782579883267,116.69230651855467,0.0,-3.8998633543214756,NEUTRAL_BULLISH,Financials,19.818896789268667,2.2279063633510034
2025-03-31,MSTR,SELL,279.70596927259515,31,8670.88504745045,8.67088504745045,8.679564612061824,8662.214162403001,2025-03-24,334.80309389969796,10378.895910890637,-1716.6817484876356,-16.456575710022882,-16.456575710022882,-1.0102101630632447,5,STOP_LOSS,279.98595522782296,444.43737124344796,341.8099975585937,288.2699890136719,2.092843162612734,-13.898648409732651,NEUTRAL_BULLISH,Technology,24.069449311359868,27.408569335937496
2025-04-03,K,SELL,81.30107146453858,143,11626.053219429017,11.626053219429018,11.637690910338478,11614.427166209589,2024-08-23,78.64118430136935,11245.689355095818,368.7378111137714,3.3823081211188155,3.3823081211188155,0.3529527419471359,151,REGIME_EXIT,71.33542977604849,93.2526933520111,81.44160461425781,77.6992416381836,3.561009842065288,-1.197772733910052,NEUTRAL_BULLISH,Consumer Staples,16.086559441982253,3.6528772626604353
2025-04-03,VTR,SELL,68.5210252532959,160,10963.364040527344,10.963364040527344,10.974338378905486,10952.400676486815,2025-03-10,65.56227633441404,10489.964213506246,462.43646298056956,4.512883146079538,4.512883146079538,0.6268804086941151,17,REGIME_EXIT,60.95178308315845,74.7832628369252,68.3826675415039,64.93033599853516,4.301850644574756,-0.9638779664323027,NEUTRAL_BULLISH,Real Estate,18.187200396438897,2.3052466256277904
2025-04-03,BAX,SELL,32.42600185042041,307,9954.782568079067,9.954782568079066,9.964747315393588,9944.827785510988,2025-03-06,35.011792775766715,10748.620382160381,-803.7925966493931,-7.385485633103739,-7.385485633103739,-1.0254116778953195,20,STOP_LOSS,32.45846031073114,40.11845770583786,36.11411666870117,30.95918846130371,3.148436014100442,-11.574969440776538,NEUTRAL_BULLISH,Health Care,23.104466527454935,1.2766662325177869
2025-04-04,BRO,SELL,114.31925161743165,88,10060.094142333985,10.060094142333984,10.070164306640095,10050.03404819165,2025-03-12,117.26579235964539,10319.389727648795,-269.355679457145,-2.5127027097356036,-2.5127027097356036,-0.6551875327856292,16,REGIME_EXIT,112.59406122822797,128.99237159560994,123.80648040771484,116.69230651855467,5.577660728211042,-0.4890478540680254,NEUTRAL_BULLISH,Financials,18.87115169072904,2.335865565708706
2025-04-04,MDT,SELL,84.89668762878027,113,9593.32570205217,9.593325702052171,9.602928630682342,9583.732376350119,2025-03-18,91.563008453003,10346.619955189339,-762.8875788392197,-7.28058299618276,-7.28058299618276,-1.025812126214425,13,STOP_LOSS,84.98166929807834,104.7256867628523,91.563008453003,81.57830810546875,0.0,-10.904731633691501,NEUTRAL_BULLISH,Health Care,19.90549690889777,3.2906695774623276
2025-04-04,SMCI,SELL,29.55873527211109,290,8572.033228912216,8.572033228912217,8.58061384275505,8563.461195683303,2025-04-01,35.6454661258756,10337.185176503925,-1773.7239808206214,-17.075750481899455,-17.075750481899455,-1.0097648451515262,3,STOP_LOSS,29.588323595706797,47.75975118621321,35.6454661258756,29.81999969482422,0.0,-16.342797736126624,NEUTRAL_BULLISH,Information Technology,93.58271508564513,3.0285712650844028
2025-04-09,SMCI,SELL,37.18673491666441,339,12606.303136749237,12.606303136749236,12.618922058809218,12593.696833612488,2025-04-04,29.479315187338052,9993.4878485076,2600.2089851048877,26.145179019073183,26.145179019073183,1.6506532994957615,3,TAKE_PROFIT,24.83252897441691,37.22395887553996,36.709999084472656,29.479315187338052,24.527991410873497,0.0,BEAR_WEAK,Information Technology,43.43244159841967,3.0978574752807617
2025-04-09,PLTR,SELL,87.95185826731748,136,11961.452724355177,11.961452724355176,11.973426150504793,11949.49127163082,2025-04-04,73.2693658299291,9964.633752870357,1984.8575187604638,20.03906035090981,20.03906035090981,1.6468082358808904,3,TAKE_PROFIT,64.40704642859679,88.03989816548295,92.01000213623048,73.2693658299291,25.577724188034658,0.0,BEAR_WEAK,Information Technology,39.84452456712089,5.908212934221541
2025-04-16,TAP,SELL,57.572428230285645,172,9902.45765560913,9.902457655609131,9.912370025634658,9892.555197953521,2025-03-10,60.81208751239627,10459.679052132158,-567.123854178637,-5.327327862984854,-5.327327862984854,-0.7315865182702673,26,REGIME_EXIT,56.305126779800005,69.8260089775888,61.75280380249024,57.21778869628906,1.546923199934902,-5.910500630938753,NEUTRAL_BULLISH,Consumer Staples,20.314102260867497,2.253480366298131
2025-04-16,TKO,SELL,146.915772857666,76,11165.598737182618,11.165598737182618,11.176775512695485,11154.433138445434,2025-03-03,144.76367506698037,11002.039305090508,152.39383335492676,1.4866283200463792,1.4866283200463792,0.14677995196845722,31,REGIME_EXIT,131.10253135534532,172.08596249025047,157.61843872070312,138.11740112304688,8.879826826567516,-4.591119934512811,NEUTRAL_BULLISH,Communication Services,22.543517703247982,6.830571855817523
2025-04-29,PLTR,SELL,116.68175009557854,112,13068.356010704796,13.068356010704797,13.081437448153338,13055.287654694092,2025-04-09,93.22947919057461,10441.701669344357,2613.585985349735,25.15542413045564,25.15542413045564,1.4851406756300465,13,TAKE_PROFIT,77.51676622147583,116.79854864422276,116.08000183105467,88.55000305175781,24.509975641685465,-5.019309535400563,NEUTRAL_BEARISH,Information Technology,64.22351279293086,7.856356484549386
2025-04-30,SMCI,SELL,28.781882888377,289,8317.964154740954,8.317964154740954,8.326290445186402,8309.646190586212,2025-04-09,36.07069435579755,10424.430668825491,-2114.7844782392785,-20.207017351882595,-20.207017351882595,-1.007932860927215,14,STOP_LOSS,28.81069358195896,46.96069551655543,37.27000045776367,29.51000022888184,3.3248766717277167,-18.188433142433325,NEUTRAL_BEARISH,Information Technology,65.19100149236041,3.6300003869192943
2025-05-05,ZS,SELL,235.24271289107386,52,12232.621070335841,12.232621070335842,12.244865936272618,12220.388449265505,2025-04-09,198.7954725327001,10337.364571700406,1883.0238775650996,18.33403944970553,18.33403944970553,1.480751662257313,17,TAKE_PROFIT,174.34032683306282,235.47819108215603,232.97999572753903,193.6999969482422,17.19582582003516,-2.563174864870099,NEUTRAL_BEARISH,Technology,33.505819938426995,12.227572849818642
2025-05-12,CCL,SELL,20.79863215664576,574,11938.414857914666,11.938414857914665,11.95036522313795,11926.476443056752,2025-05-01,18.447309633941096,10588.755729882188,1337.7207131745636,12.746154151272426,12.746154151272426,1.4736832254041528,7,TAKE_PROFIT,16.86588165106582,20.819451608254013,22.1299991607666,18.447309633941096,19.963287871797554,0.0,NEUTRAL_BEARISH,Consumer Discretionary,31.237492401302582,0.7907139914376385
2025-05-14,SMCI,SELL,39.94600062927482,331,13222.126208289965,13.222126208289964,13.235361569859307,13208.904082081675,2025-04-30,31.823843317332884,10533.692138037184,2675.2119440444912,25.522238879042614,25.522238879042614,1.4853104783287832,10,TAKE_PROFIT,26.382414451627668,39.98598661589071,45.0,31.823843317332884,41.403411119393965,0.0,NEUTRAL_BEARISH,Information Technology,68.35412661297673,2.720714432852609
2025-05-21,DAL,SELL,49.43949413314984,216,10678.930732760366,10.678930732760366,10.689620353114208,10668.251802027606,2025-05-13,52.83104334161663,11411.505361789192,-743.2535597615861,-6.419614291045351,-6.419614291045351,-1.0296010456361673,6,STOP_LOSS,49.48898311626611,63.97124409278502,52.83104334161663,47.954132080078125,0.0,-9.231146979254923,BULL_WEAK,Industrials,35.7212181464024,2.228040150233679
2025-05-23,ARM,SELL,125.77115381852538,84,10564.776920756132,10.564776920756133,10.57535227302941,10554.212143835377,2025-05-15,134.73976327173852,11318.140114826036,-763.9279709906587,-6.656245517609793,-6.656245517609793,-1.0284605213012692,6,STOP_LOSS,125.89705086939477,164.21547127955102,135.9600067138672,127.18000030517578,0.9056297951687275,-5.610639935084693,BULL_WEAK,Technology,36.3512890945176,5.895141601562501
2025-05-28,APP,SELL,387.60623924768606,37,14341.430852164383,14.341430852164384,14.355786638802613,14327.08942131222,2025-04-09,276.5742353122219,10233.24670655221,4093.8427147600087,40.14546178176042,40.14546178176042,1.4895584210356094,33,TAKE_PROFIT,202.29423653292503,387.9942334811672,390.260009765625,228.1300048828125,41.1049765084099,-17.515814650891535,NEUTRAL_BEARISH,Information Technology,33.96595290535872,37.13999938964844
2025-06-05,TSLA,SELL,318.4502446283902,33,10508.858072736875,10.508858072736876,10.51937745018779,10498.349214664138,2025-05-14,344.0568663380423,11353.876589155396,-855.5273744912574,-7.442555058469069,-7.442555058469069,-1.0251986305808793,15,STOP_LOSS,318.76901364203223,428.3497086580758,362.8900146484375,284.70001220703125,5.473847538880761,-17.252047535854675,BULL_WEAK,Consumer Discretionary,36.95189259378948,16.858568464006705
2025-06-11,PLTR,SELL,137.1118849235931,92,12614.293412970565,12.614293412970564,12.626920333302905,12601.679119557593,2025-04-29,115.66091918338316,10640.80456487125,1960.874554686343,18.546425094719265,18.546425094719265,1.4809367504043882,30,TAKE_PROFIT,101.26877593387144,137.24913405765074,136.38999938964844,108.86000061035156,17.922285550401718,-5.8800488713465775,NEUTRAL_BEARISH,Information Technology,71.39121367421814,7.196071624755859
2025-06-18,LUV,SELL,30.98656973010592,340,10535.433708236013,10.535433708236013,10.545979687923364,10524.898274527777,2025-05-29,32.85674993960264,11171.2949794649,-646.3967049371222,-5.691920877550249,-5.691920877550249,-1.0337132542276533,14,STOP_LOSS,31.01758731742334,38.987292013533654,33.97260665893555,30.986083984375,3.396126279635303,-5.693399251801557,BULL_WEAK,Industrials,34.8737682657758,1.2261084147862022
2025-06-24,CCL,SELL,25.36519429253997,505,12809.423117732686,12.809423117732686,12.822245363095792,12796.613694614953,2025-05-12,21.864871093063318,11041.759901996975,1754.853792617978,16.00889017171996,16.00889017171996,1.9712082249017506,29,TAKE_PROFIT,20.10201420088628,25.39058487741739,25.700000762939453,21.864871093063318,17.54014306122682,0.0,NEUTRAL_BULLISH,Consumer Discretionary,54.91935996273076,0.8814284460885181
2025-06-24,ARM,SELL,156.1819714368258,85,13275.467572130192,13.275467572130193,13.28875632845751,13262.192104558062,2025-05-23,128.53080972477406,10925.118826605794,2337.0732779522677,21.513255670964647,21.513255670964647,3.2958709843341554,20,TAKE_PROFIT,120.18855971823457,156.33830974657235,156.41000366210938,124.54000091552734,21.69067011795356,-3.1049433344365607,BULL_WEAK,Technology,33.3121605841592,5.561500004359655
2025-06-25,HOOD,SELL,83.47352097890214,174,14524.392650328973,14.524392650328974,14.538931581910248,14509.868257678645,2025-05-19,65.32029380315748,11365.731121749403,3144.1371359292425,27.79109847614796,27.79109847614796,3.302803353063551,25,TAKE_PROFIT,59.849258527017,83.5570780569591,82.75,63.16999816894531,26.683447336239617,-3.2919258457288603,BULL_WEAK,Financials,39.374739977504184,3.6473568507603233
2025-07-03,NCLH,SELL,21.540151399123676,604,13010.2514450707,13.0102514450707,13.023274719789526,12997.24119362563,2025-05-08,18.113142043335937,10940.337794174906,2056.9033994507245,18.92001590661947,18.92001590661947,1.9750030585710938,38,TAKE_PROFIT,16.38885650888595,21.56171311223591,21.979999542236328,17.219999313354492,21.348352978455544,-4.93090998703919,NEUTRAL_BULLISH,Consumer Discretionary,30.29900650910494,0.8621427672249931
2025-07-10,URI,SELL,808.3007005386356,15,12124.510508079535,12.124510508079535,12.13664715523521,12112.385997571455,2025-05-12,697.5313540152792,10462.97031022919,1649.4156873422653,15.880196049356377,15.880196049356377,1.9710085519367573,40,TAKE_PROFIT,641.7421258484266,809.1098103489846,816.4269409179688,685.5978393554688,17.045196064417368,-1.710821254287176,NEUTRAL_BULLISH,Industrials,32.380086345089474,27.89461408342634
2025-07-10,AXON,SELL,758.4825246506372,15,11377.237869759558,11.377237869759558,11.388626496255938,11365.860631889798,2025-07-03,794.9824825338233,11924.737238007348,-558.8766061175502,-4.591290837862349,-4.591290837862349,-1.0424648539807955,4,STOP_LOSS,759.2417664170542,937.9453470008991,805.8599853515625,732.989990234375,1.368269497344099,-7.797969598255983,BULL_STRONG,Industrials,35.003447057675174,23.827144077845983
2025-07-14,MSTR,SELL,446.7587535453918,27,12062.48634572558,12.06248634572558,12.074560906632655,12050.423859379855,2025-05-01,389.27381533985766,10510.393014176158,1540.030845203697,14.767224493470387,14.767224493470387,1.476853142777604,49,TAKE_PROFIT,350.6523858964983,447.2059595048967,451.0199890136719,364.25,15.861887247645058,-6.428332539657333,NEUTRAL_BEARISH,Technology,18.824173029031133,19.31071472167969
2025-07-14,HAS,SELL,74.8261365686068,157,11747.703441271267,11.747703441271268,11.75946290417501,11735.955737829996,2025-07-03,78.29418548349747,12292.187120909102,-556.2313830791063,-4.429510178149377,-4.429510178149377,-1.044126333301642,6,STOP_LOSS,74.90103760621301,91.86677699263531,78.29418548349747,74.71092987060547,0.0,-4.576656096188991,BULL_STRONG,Consumer Discretionary,32.57850929411437,2.262098584856306
2025-07-15,SMCI,SELL,54.11129717032537,266,14393.60504730655,14.39360504730655,14.408013060367054,14379.211442259244,2025-06-11,43.372605054135796,11537.112944400122,2842.0984978591223,24.759158696568974,24.759158696568974,3.2998924646809216,22,TAKE_PROFIT,40.134747780489036,54.16546263295833,53.16999816894531,40.88999938964844,22.58889707588658,-5.723902591021868,BULL_WEAK,Information Technology,40.687477821148114,2.1585715157645073
2025-07-15,LLY,SELL,771.0380062897102,15,11565.570094345654,11.565570094345654,11.577147241587227,11554.004524251308,2025-07-14,798.2357870007658,11973.536805011487,-419.53228076017876,-3.4072364524330045,-3.4072364524330045,-1.0583837705917696,1,STOP_LOSS,771.809816105816,886.3223566505983,798.2357870007658,768.9293823242188,0.0,-3.6713969924426437,BULL_WEAK,Health Care,27.74594126447476,17.617313929966517
2025-07-17,HOOD,SELL,104.52988425639215,143,14947.773448664078,14.947773448664078,14.962736184849476,14932.825675215414,2025-06-25,83.17202378876944,11893.59940179403,3039.2262734213837,25.67914004577416,25.67914004577416,3.300848075807878,15,TAKE_PROFIT,76.73327529285007,104.63451877516732,105.4499969482422,82.75,26.785416711816158,-0.5074107488850399,BULL_WEAK,Financials,53.06306361952711,4.2924989972795755
2025-07-18,COIN,SELL,432.11889288681107,34,14692.042358151577,14.692042358151577,14.706749107258247,14677.350315793425,2025-06-24,343.24787726222473,11670.42782691564,3006.9224888777844,25.891206184122506,25.891206184122506,3.301058760749144,17,TAKE_PROFIT,316.4568071415495,432.5514443311422,419.7799987792969,335.3299865722656,22.296458794588638,-2.3067559086200062,BULL_WEAK,Financials,46.421328819418264,17.86071341378349
2025-07-23,GEV,SELL,592.6211824063831,23,13630.287195346811,13.630287195346812,13.643931126473717,13616.656908151464,2025-07-01,502.0545653474107,11547.255002990445,2069.4019051610194,18.039197989625364,18.039197989625364,3.289972291513622,15,TAKE_PROFIT,474.706615910678,593.2143968031863,628.7679443359375,502.0545653474107,25.238965589496033,0.0,BULL_WEAK,Industrials,33.4326625294231,18.231966291155125
2025-07-23,AXON,SELL,699.0550680514931,17,11883.936156875383,11.883936156875384,11.895831988864984,11872.052220718508,2025-07-21,744.0798372612257,12649.357233440838,-777.3050127223305,-6.051066962848739,-6.051066962848739,-1.0315580245212652,2,STOP_LOSS,699.7548228743675,891.8298852174199,751.5499877929688,705.219970703125,1.0039447593740425,-5.222539922750002,BULL_WEAK,Industrials,25.482468586514955,29.55000959123884
2025-07-29,LLY,SELL,755.2180335702066,16,12083.488537123305,12.083488537123305,12.095584121245338,12071.40504858618,2025-07-23,787.3128028309931,12597.004845295889,-525.5997967097082,-4.076495281847469,-4.076495281847469,-1.0482211274855362,4,STOP_LOSS,755.9740075777844,891.775453675022,809.7197875976562,760.1615600585938,2.846007925451355,-3.4485966282740255,BULL_WEAK,Health Care,25.287144458061434,20.892530168805802
2025-07-30,STX,SELL,141.02939020829223,82,11564.409997079963,11.564409997079963,11.575985983063674,11552.845587082884,2025-07-01,146.41756650418617,12006.240453343265,-453.3948662603816,-3.680006726337648,-3.680006726337648,-1.053783046031038,20,STOP_LOSS,141.1705607690613,163.90758562126905,152.27999877929688,141.5637664794922,4.003913201865084,-3.3150394044796583,BULL_WEAK,Information Technology,38.1805419398834,3.4980038234165747
2025-07-31,WDC,SELL,75.17821780062923,195,14659.7524711227,14.6597524711227,14.674426898021835,14645.092718651576,2025-07-18,67.14924229851246,13094.10224820993,1550.9904704416458,11.956911541047477,11.956911541047477,3.271459592447967,9,TAKE_PROFIT,64.71797360649586,75.25347127190113,78.59850311279297,66.98202514648438,17.050469107875756,-0.24902314055119668,BULL_WEAK,Information Technology,28.671249587422825,1.6208457946777348
2025-07-31,EME,SELL,616.8173143129782,20,12336.346286259562,12.336346286259563,12.348694981239987,12324.009939973303,2025-07-29,640.9466748956061,12818.933497912121,-494.9235579388187,-3.7646440067042986,-3.7646440067042986,-1.0524947242566156,2,STOP_LOSS,617.4347490620402,719.3197610074923,640.9466748956061,627.2572631835938,0.0,-2.1358113316122584,BULL_WEAK,Industrials,24.917122694532754,15.674617222377233
2025-08-05,PLTR,SELL,170.17624628593703,84,14294.80468801871,14.294804688018711,14.309113801820445,14280.509883330691,2025-06-11,136.51802373906276,11467.513994081271,2812.9958892494196,24.654783027922946,24.654783027922946,3.2997795603120768,37,TAKE_PROFIT,126.36945299713683,170.34659287881584,173.27000427246094,130.67999267578125,26.92097316296127,-4.276381171793242,BULL_WEAK,Information Technology,46.416358828517644,6.7657138279506155
2025-08-06,WDC,SELL,73.80919189385124,170,12547.56262195471,12.547562621954711,12.560122744699243,12535.015059332756,2025-07-31,77.33811085967176,13147.478846144199,-612.4637868114423,-4.562975390262203,-4.562975390262203,-1.0427469559010152,4,STOP_LOSS,73.88307496882005,88.85489716251077,78.59850311279297,73.69420623779297,1.629716887458188,-4.711654553458866,BULL_WEAK,Information Technology,29.788313047208078,2.303357260567801
2025-08-07,APP,SELL,430.78156059333867,35,15077.354620766853,15.077354620766853,15.092447067835337,15062.277266146086,2025-07-01,335.1677425003549,11730.870987512422,3331.4062786336635,28.527154009423363,28.527154009423363,3.3034170074118845,26,TAKE_PROFIT,306.3542332404498,431.2127733667054,437.3399963378906,335.1000061035156,30.48391622515032,-0.020209700472351155,BULL_WEAK,Information Technology,39.048585617337224,19.209006173270094
2025-08-07,STX,SELL,146.68290811928648,85,12468.04719013935,12.46804719013935,12.480527717856233,12455.579142949211,2025-07-31,154.55084261527,13136.82162229795,-681.2424793487389,-5.090838951664278,-5.090838951664278,-1.0380143328151978,5,STOP_LOSS,146.8297378571436,180.2878584756913,156.5166473388672,146.8072509765625,1.2719469466049738,-5.010384613679497,BULL_WEAK,Information Technology,28.585012156883536,5.147403172084263
2025-08-07,CF,SELL,87.98697585257722,142,12494.150571065964,12.494150571065964,12.506657228294728,12481.656420494897,2025-08-01,91.70248468033617,13021.752824607736,-540.0964041128391,-4.051699188643331,-4.051699188643331,-1.048536248374656,4,STOP_LOSS,88.0750509034807,103.79393060318775,92.54885864257812,81.91537475585938,0.9229564119143774,-10.672676927559255,BULL_WEAK,Materials,14.756224717050626,2.4182891845703147
2025-08-19,PLTR,SELL,165.68282180715056,76,12591.894457343442,12.591894457343443,12.604498956299835,12579.302562886098,2025-08-05,174.832383900131,13287.261176409955,-707.9586135238569,-5.233333715913247,-5.233333715913247,-1.0369036139837624,10,STOP_LOSS,165.8486704776282,204.77809530847364,186.97000122070312,157.75,6.942430829923052,-9.770720686328293,BULL_WEAK,Information Technology,27.20991548778381,5.989142281668527
2025-08-19,JBL,SELL,210.56536033671318,60,12633.921620202791,12.633921620202791,12.646568188391143,12621.287698582588,2025-08-07,221.2362717968471,13274.176307810825,-652.8886092282373,-4.823310107997392,-4.823310107997392,-1.0402806927226678,8,STOP_LOSS,210.77613647318637,256.10338954238284,230.22525024414065,206.1000061035156,4.06306722414298,-6.841674545677822,BULL_WEAK,Information Technology,22.155817090968466,6.973423549107145
2025-08-20,GEV,SELL,588.8706801245212,21,12366.284282614944,12.366284282614945,12.378662945560905,12353.91799833233,2025-07-23,623.122988601142,13085.582760623982,-731.6647622916516,-5.496877679559587,-5.496877679559587,-1.0350038953512064,20,STOP_LOSS,589.460140264786,735.332483055662,664.2730712890625,602.878662109375,6.603846020879267,-3.2488492419793014,BULL_WEAK,Industrials,40.14322754510233,22.441898890904017
2025-08-20,PLTR,SELL,147.1403201958666,82,12065.50625606106,12.065506256061061,12.077583839900285,12053.440749804999,2025-08-19,159.32650136707704,13064.773112100318,-1011.3323622953194,-7.648558818933926,-7.648558818933926,-1.0244563943064076,1,STOP_LOSS,147.28760780367026,199.45614657843305,159.32650136707704,156.00999450683594,0.0,-2.081578916115223,BULL_WEAK,Information Technology,22.585174645179166,8.025929042271201
2025-09-03,ERIE,SELL,330.6521342870158,38,12564.781102906602,12.564781102906602,12.577358461367226,12552.216321803695,2025-07-21,344.24415822822044,13081.278012672377,-529.0616908686825,-3.9483673480941506,-3.9483673480941506,-1.0498931615159468,31,STOP_LOSS,330.9831174044202,388.44762764088784,367.3819885253906,326.7664794921875,6.721342902740179,-5.07711701659318,BULL_WEAK,Financials,26.485341739693688,8.840693882533486
2025-09-04,WDC,SELL,88.10318141533135,179,15770.469473344312,15.770469473344312,15.786255729072934,15754.699003870968,2025-08-07,74.47003478850311,13330.136227142057,2424.5627767289116,18.306889026635666,18.306889026635666,3.290505985590139,19,TAKE_PROFIT,70.3536333886182,88.19137278811947,90.48999786376952,74.35344696044922,21.51195862975428,-0.15655669879167666,BULL_WEAK,Information Technology,15.669139471364751,2.74426759992327
2025-09-10,HUM,SELL,268.9899507726314,46,12373.537735541044,12.373537735541044,12.38592365920124,12361.164197805503,2025-08-19,282.1334503129014,12978.138714393464,-616.9745165879613,-4.65861085443543,-4.65861085443543,-1.041808226889241,15,STOP_LOSS,269.25920998261404,325.0475847471927,310.9147644042969,272.0703430175781,10.201312201539881,-3.5667898592537495,BULL_WEAK,Health Care,20.320934015863614,8.58282688685826
2025-09-12,ANET,SELL,141.77555711564912,89,12618.024583292772,12.618024583292772,12.630655238530437,12605.40655870948,2025-09-10,148.6682282654277,13231.472315623065,-626.0657569135856,-4.636277185918036,-4.636277185918036,-1.042023905086117,2,STOP_LOSS,141.91747459023935,171.1707405160555,153.0399932861328,139.38999938964844,2.940618228731351,-6.240895572666805,BULL_WEAK,Information Technology,29.011053374006778,4.500502450125558
2025-09-15,STX,SELL,211.81998755185714,72,15251.039103733714,15.251039103733714,15.26630540914357,15235.78806462998,2025-09-04,183.56029628738838,13216.341332691964,2019.4467319380165,15.395317961474841,15.395317961474841,3.283710765368281,7,TAKE_PROFIT,175.0187793021763,212.03201957142858,210.4566192626953,183.4019012451172,14.652582023073823,-0.08629046992995049,BULL_WEAK,Information Technology,30.163863429021603,5.694344656808037
2025-09-16,WBD,SELL,18.264263479686317,677,12364.906375747636,12.364906375747637,12.37728365940755,12352.541469371889,2025-09-15,19.7579030132565,13376.10033997465,-1023.5588706027611,-7.55970677944936,-7.55970677944936,-1.024771502635594,1,STOP_LOSS,18.28254602571203,24.675759638404728,19.7579030132565,18.25,0.0,-7.6318980422404925,BULL_WEAK,Communication Services,27.268223819761293,0.9835713250296454
2025-09-25,MSTR,SELL,311.11341531744046,39,12133.423197380178,12.133423197380178,12.145568766146368,12121.289774182798,2025-09-02,335.7002013549334,13092.307852842403,-971.0180786596047,-7.3240307686016415,-7.3240307686016415,-1.025644860664044,17,STOP_LOSS,311.42484015759806,416.6180720127181,349.1199951171875,300.70001220703125,3.997553086977579,-10.42602566416001,BULL_WEAK,Technology,30.60738234016432,16.18357413155693
2025-10-01,STX,SELL,240.89460060089294,64,15417.254438457148,15.41725443845715,15.43268712558347,15401.837184018692,2025-09-15,208.6099544332821,13351.037083730054,2050.8001002886376,15.47608130940663,15.47608130940663,3.2839335127682636,12,TAKE_PROFIT,198.85221986209768,241.13573633723018,256.8399963378906,208.6099544332821,23.119722179908496,0.0,BULL_WEAK,Information Technology,36.87445171655091,6.505156380789616
2025-10-07,WDC,SELL,122.95924083743024,102,12541.842565417885,12.541842565417884,12.554396962379997,12529.300722852468,2025-10-01,130.9391066187556,13355.788875113072,-826.4881522606047,-6.094333455748757,-6.094333455748757,-1.031315813310641,4,STOP_LOSS,123.08232316059083,157.12838481263816,131.30999755859375,119.93000030517578,0.28325452144564167,-8.407806191647627,BULL_WEAK,Information Technology,67.32870934732397,5.2378556387765105
2025-10-08,WBD,SELL,17.986008095269966,662,11906.737359068718,11.90673735906872,11.918656015082846,11894.83062170965,2025-09-25,20.0065121645978,13244.311052963745,-1349.4804312540946,-10.099231953599519,-10.099231953599519,-1.0179725439072396,9,STOP_LOSS,18.004012107377342,26.681512355332664,20.0065121645978,17.889999389648438,0.0,-10.579119226461698,BULL_WEAK,Communication Services,29.911839342290698,1.3350000381469727
2025-10-10,HAS,SELL,71.2023883948394,171,12175.608415517538,12.175608415517537,12.187796211729236,12163.43280710202,2025-07-14,74.39597732745642,12721.712122995048,-558.2793158930272,-4.292690340716043,-4.292690340716043,-1.0456315388119577,63,STOP_LOSS,71.2736620568963,84.80369489599018,81.8499984741211,70.94999694824219,10.019387357270059,-4.631944498889551,BULL_WEAK,Consumer Discretionary,27.17955524425115,2.081543513706752
2025-10-10,WSM,SELL,181.94723534274013,68,12372.412003306328,12.372412003306328,12.384796800105619,12360.039591303022,2025-08-01,190.77940274542885,12972.999386689162,-612.9597953861394,-4.629518320944815,-4.629518320944815,-1.0420895952655416,49,STOP_LOSS,182.12936470744756,219.6128628720332,209.4600830078125,180.8112945556641,9.79176996759481,-5.22493940452573,BULL_WEAK,Consumer Discretionary,16.97441038457258,5.7666920253208644
2025-10-10,JBL,SELL,195.43073647051727,64,12507.567134113106,12.507567134113106,12.520087221333597,12495.059566978993,2025-08-19,206.05682526185228,13187.636816758546,-692.5772497795533,-5.156873002304884,-5.156873002304884,-1.0374918276140155,37,STOP_LOSS,195.6263628333506,240.82503335685783,234.4499969482422,193.9900054931641,13.779292023114742,-5.856064099480307,BULL_WEAK,Information Technology,18.759487110925395,6.953641619001112
2025-10-10,SHOP,SELL,157.47882882860532,80,12598.306306288425,12.598306306288425,12.610917223512388,12585.707999982136,2025-10-08,167.55864328985345,13404.691463188276,-818.9834632061393,-6.015693528749477,-6.015693528749477,-1.0317586818389068,2,STOP_LOSS,157.63646529389922,200.63256994303424,167.55864328985345,151.02000427246094,0.0,-9.870358635443798,BULL_WEAK,Technology,67.65270733068552,6.614785330636161
2025-10-16,COIN,SELL,329.4698696321472,38,12519.855046021594,12.519855046021593,12.532387433455142,12507.335190975573,2025-10-01,351.27003128352175,13348.261188773826,-840.9259977982529,-6.206097790841403,-6.206097790841403,-1.030706028127706,11,STOP_LOSS,329.79966930144866,422.8379045570988,387.2699890136719,330.25,10.248513828124818,-5.984009283887859,BULL_WEAK,Financials,70.67176535943472,14.313574654715406
2025-10-17,HOOD,SELL,127.73317159309177,97,12390.1176445299,12.390117644529901,12.402520164694508,12377.72752688537,2025-09-29,136.14585290987972,13206.147732258332,-828.4202053729623,-6.179168250065348,-6.179168250065348,-1.0308509050832915,14,STOP_LOSS,127.86103262571748,163.76192052375387,152.4600067138672,129.91000366210938,11.982850344172036,-4.580271168375649,BULL_WEAK,Financials,33.84872823581193,5.523213522774829
2025-10-22,GEV,SELL,563.4476070413925,21,11832.399747869244,11.832399747869244,11.844243991861276,11820.567348121374,2025-08-20,599.5930330190091,12591.453693399191,-770.8863452778169,-6.02832654602754,-6.02832654602754,-1.0316867456230734,44,STOP_LOSS,564.0116186600526,718.1977475488641,647.9798583984375,576.0,8.069944564865272,-3.93484108716472,BULL_WEAK,Industrials,45.583686229686634,23.720942905970983
2025-10-29,PLTR,SELL,199.2686111512567,84,16738.563336705563,16.738563336705564,16.755318655360725,16721.82477336886,2025-08-20,155.32057687627403,13046.928457607019,3674.89631576184,28.295049605688092,28.295049605688092,3.3032269347740573,49,TAKE_PROFIT,142.07632617001008,199.46807923048718,198.80999755859372,153.11000061035156,27.999780555130616,-1.423234648222671,BULL_WEAK,Information Technology,21.81998826254705,8.82950047084263
2025-10-31,WDC,SELL,149.27616949462114,112,16718.930983397568,16.718930983397566,16.735666650049097,16702.21205241417,2025-10-10,115.36845473936907,12921.266930809335,3780.945121604833,29.390802565444417,29.390802565444417,3.3040979795023255,15,TAKE_PROFIT,105.15131263426653,149.42559508971087,150.2100067138672,113.12999725341795,30.20024152460852,-1.9402682397090754,BULL_WEAK,Information Technology,51.80061524936935,6.811428070068361
2025-11-03,EXPE,SELL,210.48514760945926,59,12418.623708958097,12.418623708958098,12.431054763722557,12406.20508524914,2025-10-30,222.68619935326794,13138.485761842809,-732.2806765936693,-5.479033626351049,-5.479033626351049,-1.0351266463283109,2,STOP_LOSS,210.6958434529122,262.65405235445377,222.68619935326794,215.6100006103516,0.0,-3.1776548180656228,BULL_WEAK,Consumer Discretionary,52.624249930172084,7.993570600237161
2025-11-04,XYZ,SELL,71.63165982551428,170,12177.382170337427,12.177382170337427,12.189571742079579,12165.20478816709,2025-10-10,76.14604300263295,12944.827310447601,-779.6225222805115,-5.928585385536811,-5.928585385536811,-1.0322631900153572,17,STOP_LOSS,71.70336318870298,90.95497571573284,80.18000030517578,72.58000183105469,5.297658477674738,-4.683160189236569,BULL_WEAK,Financials,59.24673728631922,2.961786542619978
2025-11-05,AMD,SELL,244.46963455158763,51,12467.951362130969,12.46795136213097,12.48043179392485,12455.483410768838,2025-11-03,261.02898894565413,13312.47843622836,-856.9950254595224,-6.34387562123,-6.34387562123,-1.0299843565103366,2,STOP_LOSS,244.71434890048812,315.4111224295409,261.02898894565413,250.0500030517578,0.0,-4.206040845594405,BULL_WEAK,Information Technology,48.03428413991725,10.876426696777353
2025-11-06,ANET,SELL,134.2519942959635,92,12351.183475228641,12.351183475228641,12.363547022250032,12338.832291753413,2025-09-25,143.0007769081552,13156.071475550278,-817.2391837968644,-6.1179965601241175,-6.1179965601241175,-1.0311848175719855,30,STOP_LOSS,134.38638067664013,171.7154310132054,162.02999877929688,134.02000427246094,13.307075865303553,-6.280226464407468,BULL_WEAK,Information Technology,27.964968335639508,5.742930821010044
2025-11-06,DDOG,SELL,186.91071496319594,82,15326.678626982068,15.326678626982067,15.342020647628715,15311.351948355086,2025-10-10,157.19889135437592,12890.309091058825,2421.042857296261,18.90078444754435,18.90078444754435,3.2916363411614564,19,TAKE_PROFIT,148.22921492789712,187.0978127759719,190.82000732421875,151.1699981689453,21.387629187568646,-3.8352008296544393,BULL_WEAK,Information Technology,57.44223156670168,5.979784284319196
2025-11-06,COIN,SELL,296.62542464007106,39,11568.391560962771,11.568391560962771,11.579971532495335,11556.823169401809,2025-10-16,326.23663335529193,12723.228700856385,-1166.4055314545767,-9.076604429942247,-9.076604429942247,-1.0202477305492357,15,STOP_LOSS,296.9223469870581,423.95092124940464,361.4299926757813,295.2200012207031,10.78767855054512,-9.507403204719122,BULL_WEAK,Financials,61.16151990560329,19.54285757882254
2025-11-06,HOOD,SELL,134.7581186951343,91,12262.988801257221,12.26298880125722,12.275264065323398,12250.725812455963,2025-11-03,146.1467588294695,13299.355053481724,-1048.629241025761,-7.792605341062653,-7.792605341062653,-1.0239610084946553,3,STOP_LOSS,134.89301170684115,183.65924923823064,147.0800018310547,127.08000183105467,0.6385656507607917,-13.046308485474356,BULL_WEAK,Financials,54.194992597085545,7.5024980817522335
2025-11-07,SHOP,SELL,152.25759365844726,87,13246.410648284911,13.246410648284911,13.259670318603753,13233.164237636625,2025-10-10,149.1619671065787,12977.091138272346,256.0730993642792,2.0753457546297316,2.0753457546297316,0.26983584875115624,20,EOD,138.25396888531753,185.5219611774492,179.00999450683594,149.1619671065787,20.010481209952367,0.0,BULL_WEAK,Technology,60.250298104163996,7.271998814174107
2025-11-07,WDC,SELL,162.79704670715333,88,14326.140110229493,14.326140110229494,14.340480590819652,14311.813970119263,2025-10-31,152.43560453073303,13414.333198704506,897.4807714147573,6.797258559322539,6.797258559322539,0.7430707807664765,5,EOD,138.7106063290903,198.18559853620877,163.60000610351562,150.2100067138672,7.324011740663705,-1.4600249224695605,BULL_WEAK,Information Technology,54.62642731143559,9.149998801095146
2025-11-07,WBD,SELL,22.647330076217653,578,13090.156784053803,13.090156784053804,13.103260044097063,13077.066627269749,2025-11-04,22.451010116257947,12976.683847197093,100.3827800726558,0.8744370918863043,0.8744370918863043,0.1464268174843838,3,EOD,21.264938924742708,26.404580754642083,22.76000022888184,22.420000076293945,1.3762860157465084,-0.13812313924149722,BULL_WEAK,Communication Services,38.46383324304999,0.7907141276768274
2025-11-07,INCY,SELL,105.87402335357666,125,13234.252919197083,13.234252919197083,13.247500419616642,13221.018666277885,2025-11-04,103.7115434722348,12963.94293402935,257.07573224853513,2.0850908287955328,2.0850908287955328,0.32087906482283785,3,EOD,97.30225697321136,125.07583180231293,105.9800033569336,102.91999816894533,2.187278106902446,-0.7632181305848307,BULL_WEAK,Health Care,33.610033417879166,4.272857666015627
2025-11-07,MU,SELL,237.68207817077638,53,12597.150143051149,12.597150143051149,12.609759902953499,12584.552992908099,2025-11-06,242.65487048440878,12860.708135673665,-276.1551427655668,-2.049327220881769,-2.049327220881769,-0.29106477539581377,1,EOD,224.7534449865363,302.3262888106504,242.65487048440878,237.9199981689453,0.0,-1.9512784993811594,BULL_WEAK,Information Technology,46.59107162234757,11.934283665248321
2025-11-07,HOOD,SELL,130.2296406097412,103,13413.652982803345,13.413652982803345,13.427080062866281,13400.239329820542,2025-11-06,126.10513407103879,12988.828809316996,411.41052050354665,3.2706888336353934,3.2706888336353934,0.3050480347119169,1,EOD,113.01120641513756,169.75155959070955,130.36000061035156,126.10513407103879,3.3740628965319264,0.0,BULL_WEAK,Financials,45.813630362232416,8.729285103934153
2025-11-07,TER,SELL,182.09771878051757,71,12928.938033416747,12.928938033416747,12.941879913330837,12916.00909538333,2025-11-06,182.67934548430264,12970.233529385489,-54.22443400215889,-0.31838668035684137,-0.31838668035684137,-0.058217040742249156,1,EOD,169.56077379415197,226.40791778480485,185.0200042724609,182.27999877929688,1.2812936142030384,-0.21860528564248138,BULL_WEAK,Information Technology,43.414595970168804,8.745714460100444
2025-11-07,STX,SELL,279.0706560974121,47,13116.320836578368,13.11632083657837,13.12945028686579,13103.20451574179,2025-11-06,273.5235426034554,12855.606502362403,247.59801337938734,2.0280204918224243,2.0280204918224243,0.1826191786906588,1,EOD,244.67639261827821,369.68070922071263,279.3500061035156,273.5235426034554,2.1301506424648897,0.0,BULL_WEAK,Information Technology,42.13691108241092,19.231433323451444
