Price,Close,High,Low,Open,Volume
Ticker,RWM,RWM,RWM,RWM,RWM
Date,,,,,
2023-11-06,22.581104278564453,22.707963861506194,22.273015238564067,22.30020017562252,1735000
2023-11-07,22.653594970703125,22.81670113102533,22.572041890542025,22.69890146931168,1621400
2023-11-08,22.916379928588867,22.997931289053344,22.62641243046008,22.680782308546156,2120900
2023-11-09,23.27883529663086,23.324141796447652,22.780455156985237,22.780455156985237,2434700
2023-11-10,23.025114059448242,23.351326383910727,22.961684269321015,23.151973639702693,2295400
2023-11-13,23.043237686157227,23.26071199618992,22.961684603853445,23.1610356226337,2052100
2023-11-14,21.792757034301758,22.345505288517177,21.783697117510236,22.345505288517177,4212700
2023-11-15,21.74744987487793,21.819941305327575,21.384992722629704,21.792756370784446,2604300
2023-11-16,22.100849151611328,22.200525533604058,21.77463852311823,21.838068319538213,3202800
2023-11-17,21.810884475708008,21.9649290154637,21.783701263495626,21.919622509554785,2260800
2023-11-20,21.702146530151367,21.883374268423967,21.665899945497475,21.792759535121526,1558100
2023-11-21,21.983049392700195,22.001172683992337,21.810881582089234,21.847128164673514,1190300
2023-11-22,21.85618782043457,21.946800811981092,21.71120323162968,21.8652477369236,2473600
2023-11-24,21.738391876220703,21.910559700540908,21.68402372634728,21.874313115070414,610900
2023-11-27,21.810884475708008,21.98305230916023,21.765577969799093,21.838069416252804,1314000
2023-11-28,21.901498794555664,22.001175179636775,21.747454257763213,21.838068996170367,1522500
2023-11-29,21.792757034301758,21.819941969672577,21.439361516141517,21.72026560164499,1811800
2023-11-30,21.729328155517578,21.819942882211187,21.60246857514582,21.656836719829123,2288900
2023-12-01,21.085968017578125,21.892435499168993,21.058783079603554,21.783699203935207,3255700
2023-12-04,20.868494033813477,21.194704653084262,20.85943238767647,21.17658308914253,1915000
2023-12-05,21.15846061706543,21.194705474686184,20.968169497476346,20.97723114396462,1954900
2023-12-06,21.203763961791992,21.221887252068154,20.75975372001857,21.01347459888856,2027900
2023-12-07,21.049718856811523,21.285316438753725,21.04065721192928,21.176580156830887,1691100
2023-12-08,20.91379737854004,21.122210023227566,20.795999453209006,21.08596517248418,2060600
2023-12-11,20.868494033813477,21.004415269203992,20.823185803128453,20.90473889002922,1286300
2023-12-12,20.895671844482422,21.076901263728555,20.82318042245033,20.895671844482422,1557500
2023-12-13,20.161701202392578,21.04066013822985,20.152639556250058,20.886615610471534,3940200
2023-12-14,19.636137008666992,19.86267296782174,19.491154133074527,19.82642638475752,4202100
2023-12-15,19.808303833007812,19.91704012010948,19.563644594530874,19.60895109276788,4146700
2023-12-18,19.817363739013672,19.844546944237244,19.645195949825847,19.71768737764199,1926900
2023-12-19,19.427724838256836,19.726752242860805,19.400539900262928,19.681444012870962,2311600
2023-12-20,19.823835372924805,19.823835372924805,19.24348977843493,19.47378525881645,2884500
2023-12-21,19.482994079589844,19.704077493496925,19.4737820510502,19.611960722130064,2240200
2023-12-22,19.326393127441406,19.44614774155969,19.188216213240516,19.381665298733594,4264900
2023-12-26,19.077674865722656,19.29876005120922,19.03161647700498,19.26191193462316,1317800
2023-12-27,19.022403717041016,19.14215833432999,18.957921272507647,19.04082777462622,2591100
2023-12-28,19.105310440063477,19.169792885342417,18.99476960730382,19.123734497861705,2130300
2023-12-29,19.418508529663086,19.418508529663086,19.10530663748993,19.16057704286916,2925400
2024-01-02,19.538265228271484,19.6488078178878,19.33560586382557,19.556689286043348,3980700
2024-01-03,20.08176040649414,20.109396490087263,19.731712132721235,19.759348216314354,4172500
2024-01-04,20.118610382080078,20.12782241079801,19.962009407904876,20.100186324644213,2644400
2024-01-05,20.18309211730957,20.284422672633518,19.952796678493154,20.238362530661377,2212800
2024-01-08,19.805410385131836,20.284425383572113,19.805410385131836,20.19230684433129,2140700
2024-01-09,20.01728057861328,20.173881558698316,19.934374074037976,20.072552753006747,1651000
2024-01-10,19.998855590820312,20.210728735449727,19.971221261923073,20.03570370536971,2264800
2024-01-11,20.164669036865234,20.39496448683223,20.05412820480939,20.081762534315928,3195900
2024-01-12,20.210729598999023,20.27521204520082,19.82383316477337,19.943586028146004,2276400
2024-01-16,20.468660354614258,20.551566862810134,20.330483426626117,20.385753846418382,3287100
2024-01-17,20.625259399414062,20.837132543194688,20.57920101342664,20.772648342991577,2031800
2024-01-18,20.523929595947266,20.7726473279466,20.45944539889514,20.50550553964666,2532200
2024-01-19,20.312053680419922,20.662103674126975,20.284419356768744,20.459442596607794,2981500
2024-01-22,19.888315200805664,20.155457009134363,19.869891143123727,20.137034708467272,2793400
2024-01-23,19.96200942993164,20.054127960197786,19.694865867861303,19.73171398277369,2697200
2024-01-24,20.12782096862793,20.15545529578689,19.72250051915448,19.731712547212364,3456900
2024-01-25,19.98964500427246,20.137033946118404,19.805407948457642,19.860678362396175,2819000
2024-01-26,19.98964500427246,20.044915418210994,19.786983891473202,19.88831444787283,1893000
2024-01-29,19.63959503173828,20.072551587608817,19.63959503173828,19.97122103078554,2519000
2024-01-30,19.814620971679688,19.869891388392897,19.69486635228372,19.74092649705712,1961800
2024-01-31,20.30284881591797,20.321271117585297,19.694867178507618,19.86989222195931,4995200
2024-02-01,20.035701751708984,20.450234214895023,20.017277696230796,20.164666626027024,3724500
2024-02-02,20.146244049072266,20.358115413098712,20.04491350235761,20.27520892160756,2962800
2024-02-05,20.413389205932617,20.616048575944646,20.29363634115617,20.367330817252807,3453500
2024-02-06,20.247575759887695,20.514719328125423,20.229151702006153,20.44102485361413,2184100
2024-02-07,20.284421920776367,20.41338679948866,20.19230339726129,20.201515425314266,1647600
2024-02-08,19.98964500427246,20.3489053303951,19.980432975780243,20.28442288796435,1728100
2024-02-09,19.676443099975586,19.971220984212486,19.658019042957086,19.92516084166623,2046900
2024-02-12,19.33560562133789,19.630383513931452,19.271123176959904,19.630383513931452,2120000
2024-02-13,20.12782096862793,20.26599787546681,19.86067742599336,19.980432033731166,4566900
2024-02-14,19.658018112182617,19.96200801053535,19.602747700758858,19.805407047322447,2968900
2024-02-15,19.17900276184082,19.519840764797415,19.1329443795291,19.492204681201585,2490400
2024-02-16,19.42772674560547,19.473785138591392,19.243489659631646,19.381668352619545,2361100
2024-02-20,19.704076766967773,19.77777123555287,19.6211702701827,19.676442439382566,1607700
2024-02-21,19.805410385131836,19.943587315485573,19.759351994018925,19.833046474008583,1276800
2024-02-22,19.648807525634766,19.814620529085538,19.593537110156117,19.73171402736015,2478500
2024-02-23,19.61195945739746,19.75013636255181,19.50141687906518,19.648805812165104,1381300
2024-02-26,19.492206573486328,19.69486593515241,19.455360215462875,19.648807548369383,1237300
2024-02-27,19.23427391052246,19.372452576792355,19.21585161109924,19.326392435697482,1164500
2024-02-28,19.38166618347168,19.42772457130286,19.2526995349176,19.38166618347168,1348100
2024-02-29,19.28033447265625,19.381665028263075,19.05925106161708,19.132945531963472,1963800
2024-03-01,19.068466186523438,19.33560802602914,19.04083009677524,19.206643121234322,1866300
2024-03-04,19.096097946166992,19.123734032191386,18.91186264371548,18.967133058749454,1507700
2024-03-05,19.28033447265625,19.354028943002643,19.086885389862747,19.22506405915015,1673600
2024-03-06,19.14215660095215,19.261909450382316,19.068462134299427,19.068462134299427,2001800
2024-03-07,19.00398063659668,19.05004078292799,18.893439799431388,19.01319266586294,1500300
2024-03-08,19.0316162109375,19.105310686064453,18.690779922355933,18.838168872609835,2364800
2024-03-11,19.17900276184082,19.215850873301928,19.031613830025716,19.10530829593327,1109200
2024-03-12,19.206642150878906,19.344819078608833,19.123735642837957,19.179006062526934,1583200
2024-03-13,19.14215660095215,19.21585106760487,19.050038078382578,19.206639039646443,1365300
2024-03-14,19.510631561279297,19.658020514430337,19.188217567380804,19.215853654977217,2639100
2024-03-15,19.455360412597656,19.584325302508756,19.400088239480173,19.584325302508756,2090600
2024-03-18,19.584325790405273,19.611961877652504,19.400088722786865,19.418512780951687,1132100
2024-03-19,19.501419067382812,19.731714520820486,19.436936621542642,19.713290462861902,1283400
2024-03-20,19.11720848083496,19.602133220405584,19.03327913057498,19.54617913443774,2135800
2024-03-21,18.90272331237793,19.0053022467947,18.809468280342127,18.986652663340973,1694900
2024-03-22,19.163835525512695,19.173161206710937,18.893397885530884,18.912049247927374,1060300
2024-03-25,19.1358585357666,19.1358585357666,19.00530078945105,19.126532855408943,1481700
2024-03-26,19.173160552978516,19.191811914739063,18.94934954792722,18.995977952328587,1548700
2024-03-27,18.772167205810547,19.098558957274335,18.772167205810547,19.033280962719967,2479000
2024-03-28,18.70688819885254,18.76284228717833,18.585657898197034,18.753516605790697,3203700
2024-04-01,18.90272331237793,18.930698576904415,18.67891230270708,18.67891230270708,2221300
2024-04-02,19.257089614868164,19.35967032432878,19.126533641875913,19.145185003358158,1622100
2024-04-03,19.1358585357666,19.37832088899074,19.08923013397831,19.37832088899074,1618500
2024-04-04,19.341020584106445,19.396972894551645,18.90272422468392,18.949350853606273,1787900
2024-04-05,19.275741577148438,19.424948916273518,19.173160864490526,19.406297554209935,1768700
2024-04-08,19.173160552978516,19.275741263969767,19.10788256550836,19.145185289029452,1186500
2024-04-09,19.11720848083496,19.28506718135493,19.0612561735589,19.1265341618296,1659800
2024-04-10,19.620786666870117,19.742016975296163,19.443602266531773,19.592809620913968,5269100
2024-04-11,19.49022674560547,19.71403775246497,19.434274438563538,19.536855150383555,2462700
2024-04-12,19.85392189025879,19.956500827014832,19.546179743915165,19.61145951291316,2329800
2024-04-15,20.14301109313965,20.23626612821784,19.704712961879707,19.788642315580894,3106600
2024-04-16,20.217613220214844,20.40412149742439,20.115032511599978,20.28289120617277,3584600
2024-04-17,20.432100296020508,20.441425977486496,20.07773329377227,20.096382878012378,2334900
2024-04-18,20.497379302978516,20.544007712618313,20.18031323219572,20.394800359154875,3254900
2024-04-19,20.45075035095215,20.63725863226752,20.32019437616221,20.581306325742087,2830600
2024-04-22,20.236265182495117,20.478725772198654,20.124358789892757,20.338844115464532,1661700
2024-04-23,19.90054702758789,20.245588315848476,19.81661768099657,20.226938733366172,2012000
2024-04-24,19.97515106201172,20.105707035254312,19.8632446715954,19.9378483389757,2658000
2024-04-25,20.124359130859375,20.394798546660265,20.087058185154444,20.236265525357762,2582100
2024-04-26,19.928524017333984,20.133683653637455,19.891221295083337,20.06840566839052,1889200
2024-04-29,19.779319763183594,19.881900495866496,19.732693127614347,19.844599543149524,1536200
2024-04-30,20.18963623046875,20.198961911157117,19.919198605272967,19.95649954933472,1429700
2024-05-01,20.15233612060547,20.282892098263492,19.742015046790804,20.198962747285677,3440300
2024-05-02,19.779319763183594,20.13368859680155,19.779319763183594,19.90055186157105,1985700
2024-05-03,19.602134704589844,19.67673837950384,19.378323679847863,19.452927354761858,2796700
2024-05-06,19.359668731689453,19.46224943271118,19.33169169176764,19.443598072763304,2249200
2024-05-07,19.31304168701172,19.35034440952499,19.201137076855314,19.331693048268356,2366100
2024-05-08,19.42494773864746,19.546178027327652,19.415622058181036,19.527528445086478,2053100
2024-05-09,19.24776268005371,19.47157366718322,19.238436999920197,19.415621365073747,1966500
2024-05-10,19.406299591064453,19.45292800111745,19.182488558885982,19.20113992290718,2378500
2024-05-13,19.368999481201172,19.378325163615962,19.191815072704237,19.238441706086142,1190200
2024-05-14,19.163835525512695,19.257090558803316,19.079906173420316,19.145185941808023,1574300
2024-05-15,18.949350357055664,19.089232018849135,18.902723729355117,18.95867603833414,2470100
2024-05-16,19.07058334350586,19.079907246536692,18.958676941524764,19.005303571446603,1747800
2024-05-17,19.079906463623047,19.135860551663566,19.042605516954545,19.089232144963134,1986100
2024-05-20,19.023956298828125,19.10788566165834,18.958678300780633,19.079908614484253,1287200
2024-05-21,19.06125831604004,19.126536311647975,19.033281269911505,19.107884947562287,882600
2024-05-22,19.21978759765625,19.29439126072877,19.070580271511215,19.126532574142693,1967200
2024-05-23,19.564828872680664,19.630106855533743,19.14518393490017,19.14518393490017,2974100
2024-05-24,19.350345611572266,19.49955295351073,19.331694249157003,19.424949282541498,1859500
2024-05-28,19.368999481201172,19.49022979520936,19.201140755119027,19.21979211994861,1995400
2024-05-29,19.66741180419922,19.704712750615464,19.5928081326749,19.630109079091145,1590800
2024-05-30,19.499553680419922,19.583483035725525,19.41562432511432,19.555505991059697,1936400
2024-05-31,19.359668731689453,19.592805394963133,19.294390750563476,19.415621032841493,2761500
2024-06-03,19.462251663208008,19.5928076404225,19.173160886959074,19.173160886959074,1706300
2024-06-04,19.723365783691406,19.74201714782517,19.5555070638715,19.59280979213903,1662000
2024-06-05,19.42494773864746,19.723362398806408,19.42494773864746,19.592806429659788,1576700
2024-06-06,19.574159622192383,19.620788035371515,19.443603622674996,19.50888162243369,1352600
2024-06-07,19.7979679107666,19.85392199878503,19.611459620114044,19.779316548093792,1492600
2024-06-10,19.7513427734375,20.031106119876384,19.72336572731682,19.98447948836723,1758300
2024-06-11,19.825946807861328,20.031106480362496,19.779318396821054,19.919201851249863,1813900
2024-06-12,19.518203735351562,19.574156042241214,19.173160655699878,19.313042312269893,3188800
2024-06-13,19.686065673828125,19.825947353414062,19.536858311777518,19.56483358047947,1223800
2024-06-14,20.021778106689453,20.105707456587574,19.900547811665373,19.947174437745765,2340000
2024-06-17,19.85392189025879,20.16166225791058,19.81661916511708,20.08705858631899,2063600
2024-06-18,19.835269927978516,19.90054791631103,19.742014896635588,19.872570873300617,809400
2024-06-20,19.919200897216797,19.993804572616067,19.723365137611253,19.872572488409798,1973300
2024-06-21,19.90054702758789,20.077731401357536,19.881895666413886,19.9378479712442,1516300
2024-06-24,19.816619873046875,19.872572184066453,19.667412524533404,19.872572184066453,1417400
2024-06-25,19.891225814819336,19.947178132217243,19.825947814739763,19.825947814739763,1447000
2024-06-26,19.937545776367188,20.060441186510435,19.890278727032637,20.0037203666845,1444400
2024-06-27,19.748476028442383,19.95645539465704,19.73902225696694,19.89028079745148,1052000
2024-06-28,19.6728458404541,19.824102563828173,19.50268157587768,19.578309937564715,2764200
2024-07-01,19.84300994873047,19.909184539295083,19.587763553876368,19.62557863598321,1600000
2024-07-02,19.786287307739258,19.880823201183762,19.73901845945591,19.824100583243744,2375300
2024-07-03,19.795743942260742,19.81464968118795,19.653940983133182,19.757928858161417,2033900
2024-07-05,19.899728775024414,19.994264667697653,19.8335541910898,19.861915499828424,1469400
2024-07-08,19.776838302612305,19.824105359160786,19.635035329844232,19.75793075874386,2924400
2024-07-09,19.871370315551758,19.94699867304743,19.748473107669874,19.80519572813333,1816600
2024-07-10,19.663389205932617,19.86191475339785,19.653937239830466,19.78628640272588,2488300
2024-07-11,18.973281860351562,19.33251790829452,18.92601481341698,19.247435781314465,5729500
2024-07-12,18.765304565429688,18.81257161295862,18.604594079460117,18.77475833555993,3662700
2024-07-15,18.424976348876953,18.670768966840416,18.320986678897942,18.614048148271095,4175000
2024-07-16,17.78213119506836,18.264262573961375,17.763225461028583,18.25480880538049,4260100
2024-07-17,17.980663299560547,18.027930356615407,17.640334718773076,17.96175575548954,4536400
2024-07-18,18.320985794067383,18.40606791937339,17.78213353587749,18.04683368162087,4114800
2024-07-19,18.443883895874023,18.519512255033597,18.292627177554873,18.358801766429213,4596300
2024-07-22,18.15082359313965,18.56677865237246,18.12246228327831,18.37770866266361,2427400
2024-07-23,17.971206665039062,18.25481256844027,17.876670762864542,18.24535879791058,7336900
2024-07-24,18.349348068237305,18.358801838559682,17.876670370852267,18.084647908577647,3338200
2024-07-25,18.131916046142578,18.320986035777498,17.829402620228908,18.311534068949666,4924300
2024-07-26,17.838857650756836,18.037381424370466,17.73486797707977,17.857763388870723,2576300
2024-07-29,18.037378311157227,18.10355289094018,17.74431868506613,17.791585726876217,3063700
2024-07-30,17.980663299560547,18.08465118570577,17.829406553237813,17.971209527525044,4105700
2024-07-31,17.876670837402344,18.027927560263308,17.498529030249934,17.876670837402344,5581800
2024-08-01,18.453336715698242,18.585685886630117,17.80104102459273,17.886123149655287,6003100
2024-08-02,19.12453842163086,19.294702674232663,18.93546843227949,19.14344596150267,12200800
2024-08-05,19.757925033569336,20.24951021296844,19.531039982259465,20.145520554947293,11488200
2024-08-06,19.540496826171875,19.852464046201575,19.275796656431794,19.672846009480722,7067100
2024-08-07,19.776838302612305,19.824105359160786,19.209624608417393,19.219078380351615,4674000
2024-08-08,19.31361198425293,19.663392488328597,19.30415821345056,19.55940461574734,3425500
2024-08-09,19.370330810546875,19.493228015195264,19.294702455041033,19.294702455041033,3005100
2024-08-12,19.540496826171875,19.6161251885087,19.313611739161402,19.341971248086217,2490000
2024-08-13,19.21907615661621,19.521589611018598,19.181262876377122,19.38924042549816,2760900
2024-08-14,19.341970443725586,19.427052573206563,19.143446677018183,19.152900447307438,2681200
2024-08-15,18.850387573242188,19.048911345875712,18.75585167064997,18.92601593469149,3128700
2024-08-16,18.812570571899414,18.926014004062264,18.68967517325166,18.916560234455176,2513500
2024-08-19,18.57623291015625,18.793664215436394,18.57623291015625,18.7747584781546,2180800
2024-08-20,18.793663024902344,18.85983941212454,18.61404681180864,18.61404681180864,2450900
2024-08-21,18.5667781829834,18.812570786201007,18.55732441326862,18.680221616438526,3653800
2024-08-22,18.7369441986084,18.774759281033692,18.48169780160478,18.557326163333,3938100
2024-08-23,18.1602783203125,18.642409842505202,18.09410372369983,18.60459656006476,4615000
2024-08-26,18.1602783203125,18.179185863093984,17.990115844646716,18.02792912708716,3970300
2024-08-27,18.302082061767578,18.387164196390778,18.24535943660383,18.28317452004633,2905000
2024-08-28,18.424976348876953,18.510058478292088,18.27371963061056,18.377709300589572,3509500
2024-08-29,18.302082061767578,18.43443124757148,18.12246402166055,18.292628290906954,3671600
2024-08-30,18.216999053955078,18.434430363960118,18.179183972325156,18.23590659477004,3292300
2024-09-03,18.774757385253906,18.812570660738633,18.273718412445373,18.36825430584048,3755600
2024-09-04,18.803117752075195,18.9165611899683,18.60459398966511,18.822025292244426,4732000
2024-09-05,18.916561126708984,19.001643254063715,18.727489331893516,18.774758182158518,4032200
2024-09-06,19.275794982910156,19.351423338680938,18.803117308562207,18.9165607437795,5243000
2024-09-09,19.228527069091797,19.313609190885117,19.067816594940208,19.256888377396955,4326200
2024-09-10,19.247438430786133,19.483777304236366,19.219077116848002,19.228530888160712,3226200
2024-09-11,19.20962142944336,19.6444858508393,19.17180815108677,19.351424378744653,4356200
2024-09-12,18.973281860351562,19.25688955132583,18.859840226459664,19.115084804277565,4417000
2024-09-13,18.510059356689453,18.765305757047607,18.481698044497747,18.75585198631704,4467800
2024-09-16,18.443883895874023,18.566779303337462,18.38716307728492,18.453337666159257,3509100
2024-09-17,18.311534881591797,18.377709471056875,18.103555539704608,18.292627340852537,5382000
2024-09-18,18.311534881591797,18.406068979043432,17.8483091490916,18.311534881591797,9080400
2024-09-19,17.933393478393555,18.131919074255485,17.867218880813763,17.867218880813763,6410800
2024-09-20,18.131916046142578,18.150823586042744,17.990113103135826,17.990113103135826,4784400
2024-09-23,18.20754623413086,18.2642670564147,18.02792819325587,18.046835735057957,2610300
2024-09-24,18.169729232788086,18.31153397821443,18.12246218639413,18.13191595629737,4166300
2024-09-25,18.40385627746582,18.413451833886818,18.183163970278628,18.183163970278628,2456500
2024-09-26,18.307903289794922,18.355879243690534,18.115995813881813,18.173569154754944,4231800
2024-09-27,18.202356338500977,18.269525244834,18.01045066804617,18.14478482038109,4414000
2024-09-30,18.14478302001953,18.336690501598458,18.09680706470749,18.279117159025553,4870200
2024-10-01,18.413454055786133,18.528597086401586,18.21195100696088,18.221546564539747,5713100
2024-10-02,18.432641983032227,18.547786835331596,18.336690074642313,18.490215324264582,4134200
2024-10-03,18.576576232910156,18.653338868989717,18.4806224802693,18.557385116348865,3573400
2024-10-04,18.307903289794922,18.471024095271463,18.25033177908712,18.298307732982735,5255800
2024-10-07,18.4614315032959,18.59576565990944,18.355882191576335,18.365477749929532,4574800
2024-10-08,18.451831817626953,18.528594437116617,18.394260310551008,18.461427373833814,5515200
2024-10-09,18.42304801940918,18.509406199981825,18.28871205509322,18.471023972987176,3968300
2024-10-10,18.538190841674805,18.720502757617737,18.52859528502883,18.595762351385357,5656600
2024-10-11,18.15437889099121,18.547787587880922,18.144783333729826,18.538192030619534,5716700
2024-10-14,18.029640197753906,18.23114140852665,18.01044908334734,18.1447832238625,2737100
2024-10-15,18.010446548461914,18.096804720971555,17.828134647589874,18.05842249756054,4621100
2024-10-16,17.7321834564209,17.914495383378874,17.703398614909126,17.866519427415653,6040400
2024-10-17,17.780162811279297,17.876114731671503,17.712993904772958,17.712993904772958,4912500
2024-10-18,17.828136444091797,17.856923114550828,17.732182706060353,17.751373819699708,4929000
2024-10-21,18.115995407104492,18.163973190088136,17.837731586460492,17.847327143057225,4744800
2024-10-22,18.19275665283203,18.269521099796105,18.14478070364463,18.173567371256162,4038000
2024-10-23,18.34628677368164,18.499812032861783,18.231141914213808,18.288713428864998,5219300
2024-10-24,18.3174991607666,18.423048457345597,18.211949864187606,18.259927649071404,5706100
2024-10-25,18.40385627746582,18.432641116563563,18.144781744594635,18.211948809376366,5058200
2024-10-28,18.106401443481445,18.269522243158406,18.06801921759733,18.25033113021635,4651800
2024-10-29,18.163972854614258,18.307902540576357,18.15437729819475,18.25033103222457,4276700
2024-10-30,18.19275665283203,18.240734432184578,17.94327952085938,18.22154332044356,5023000
2024-10-31,18.50940704345703,18.50940704345703,18.183165419796914,18.221545818375247,5273500
2024-11-01,18.40385627746582,18.471023342247552,18.25033103506036,18.365474051781828,6355200
2024-11-04,18.32709312438965,18.5094050307672,18.192757168559517,18.461427250054584,4105100
2024-11-05,17.981660842895508,18.403856172177782,17.981660842895508,18.39426061581168,4987400
2024-11-06,16.93577003479004,17.309989435467976,16.9165789208752,16.9933415463692,10812200
2024-11-07,17.0029354095459,17.070104301556675,16.859005729853155,16.964555015704914,8376900
2024-11-08,16.897390365600586,17.07010673794952,16.878199250858387,17.05091562320732,6609000
2024-11-11,16.64790916442871,16.772647733437953,16.59993138391347,16.724671783087906,7466100
2024-11-12,16.94536590576172,17.002937418407736,16.647910955231005,16.76305398052304,6662200
2024-11-13,17.10848617553711,17.127677289200506,16.772649007088997,16.830222348079186,7027200
2024-11-14,17.338775634765625,17.39634715085584,17.031725108730484,17.06051178185834,6853800
2024-11-15,17.617040634155273,17.665016590674348,17.32917940454454,17.32917940454454,7607300
2024-11-18,17.578655242919922,17.6458223020314,17.453916680307902,17.559464131698043,5983000
2024-11-19,17.453920364379883,17.780162003352626,17.44432480674357,17.770566445716312,6436100
2024-11-20,17.44432258605957,17.65541933668915,17.44432258605957,17.492298537968257,6195900
2024-11-21,17.166057586669922,17.425132129125203,17.09889051940344,17.35796506185872,6799800
2024-11-22,16.868602752685547,17.118081739923817,16.839816082177748,17.10848618308788,6684100
2024-11-25,16.628719329833984,16.686290840710395,16.446407410199132,16.686290840710395,8076400
2024-11-26,16.743864059448242,16.830222240214727,16.676695162056838,16.70548183236744,6651100
2024-11-27,16.734270095825195,16.772650496394597,16.532767044797996,16.64791190683718,5447000
2024-11-29,16.67669677734375,16.69588789274298,16.56155374527935,16.638316376710783,2418700
2024-12-02,16.67669677734375,16.811032754972874,16.628720819011168,16.6479119344104,5922200
2024-12-03,16.811031341552734,16.859007295851647,16.667101648490657,16.70548204589672,5091700
2024-12-04,16.763051986694336,16.868601272462296,16.70548048089598,16.80143421067002,5982800
2024-12-05,16.954959869384766,16.974150981851558,16.76305240504728,16.791839073747468,4984700
2024-12-06,16.897390365600586,16.945366322290653,16.839817021373985,16.839817021373985,5454200
2024-12-09,16.993343353271484,17.0029389112492,16.734270608535372,16.80143768421383,5572400
2024-12-10,17.070104598999023,17.127676105846255,16.926173086633135,17.012531261986588,4917200
2024-12-11,16.993343353271484,17.06051225911549,16.887795875847715,16.93577183557074,7211700
2024-12-12,17.223630905151367,17.242820188513285,17.012532316682403,17.041318986973256,5340600
2024-12-13,17.338775634765625,17.434729381692982,17.223632602585198,17.252417445547554,4926200
2024-12-16,17.242820739746094,17.40594154961175,17.166058113348456,17.367561151495618,4618400
2024-12-17,17.453920364379883,17.48270520712334,17.281203987257197,17.338775502909595,7448500
2024-12-18,18.22154426574707,18.37506950730956,17.30998837274045,17.35796432441676,8049900
2024-12-19,18.307903289794922,18.355879243690534,17.943281281758413,18.039233189549638,6726900
2024-12-20,18.135189056396484,18.461430705647086,17.933687830182283,18.423050304058183,8361900
2024-12-23,18.191730499267578,18.3672137290811,18.123487434225442,18.16248267447064,5230600
2024-12-24,18.035747528076172,18.26972457016716,18.025998252220184,18.152736978863786,2803400
2024-12-26,17.850515365600586,18.201481865553752,17.831018672979848,18.12348951661797,5156400
2024-12-27,18.133237838745117,18.298971803950515,17.889511528706834,17.97725314907935,6127800
2024-12-30,18.269723892211914,18.51345020111466,18.1917315477424,18.289222443200334,5760800
2024-12-31,18.269723892211914,18.328217685693005,18.064994685286006,18.17223299675398,5862800
2025-01-02,18.240476608276367,18.37696460977086,17.98700287582422,18.113739742050296,6364800
2025-01-03,17.97725486755371,18.240477894348988,17.95775631461055,18.181984095003855,6155000
2025-01-06,17.97725486755371,18.01625011395568,17.78227305709079,17.87976396232225,7295700
2025-01-07,18.12348747253418,18.240475053001106,17.840764077351658,17.909009002022106,8063800
2025-01-08,18.220977783203125,18.445205521538302,18.172231409988516,18.279471571576646,7812900
2025-01-10,18.63043975830078,18.757176621510503,18.47445506843458,18.51345031115904,8257400
2025-01-13,18.601192474365234,18.883915895174265,18.591443198528623,18.84491879182782,9853300
2025-01-14,18.3867130279541,18.610940782079364,18.35746520196571,18.435457545117284,8548300
2025-01-15,18.035747528076172,18.13323842715181,17.918758077288558,17.928507353144546,11287500
2025-01-16,18.006498336791992,18.142986328954706,17.948004545570313,18.02599688702725,9424000
2025-01-17,17.94800567626953,18.006499471176237,17.8212688107243,17.8212688107243,6565400
2025-01-21,17.5970401763916,17.831019088130848,17.5970401763916,17.772523430453877,8204100
2025-01-22,17.71402931213379,17.762773833166037,17.5970398583784,17.63603696279162,7035900
2025-01-23,17.64578628540039,17.86026478178554,17.64578628540039,17.821269536753825,9716000
2025-01-24,17.71402931213379,17.75302455706273,17.587292441759374,17.694530759927176,8035600
2025-01-27,17.879764556884766,17.977255465358127,17.636038215443573,17.860266003293212,10910600
2025-01-28,17.850515365600586,17.987003370851415,17.801770844822325,17.850515365600586,8074100
2025-01-29,17.90900993347168,18.035746795483124,17.753023385596126,17.87001283163175,8777600
2025-01-30,17.73352813720703,17.860265009531552,17.606789405398196,17.73352813720703,7659300
2025-01-31,17.899261474609375,17.967504546458464,17.606788775919245,17.714028951387384,11756500
2025-02-03,18.113739013671875,18.35746532002348,17.977252877149905,18.298971527154656,11624300
2025-02-04,17.860261917114258,18.152734575620673,17.850512642548978,18.133236026490113,7849100
2025-02-05,17.665285110473633,17.860265057611965,17.665285110473633,17.782272706859768,6955800
2025-02-06,17.743276596069336,17.84076563514281,17.57754262636651,17.597039318490673,5850400
2025-02-07,17.957754135131836,17.977252685708518,17.704278556087353,17.733526381952377,8465400
2025-02-10,17.879764556884766,17.96750618856235,17.840767449701655,17.840767449701655,4893700
2025-02-11,17.987003326416016,18.04549712310228,17.92850767024548,18.025998571045434,4496500
2025-02-12,18.15273666381836,18.298972080151746,18.074744317808275,18.269724253091386,6816500
2025-02-13,17.94800567626953,18.142987471937506,17.92850712480589,18.045496574103517,6530800
2025-02-14,17.967504501342773,18.00649974537966,17.821269082107023,17.870013602024194,5030900
2025-02-18,17.879764556884766,18.01625071305682,17.850516726497432,17.957756911766573,5406100
2025-02-19,17.94800567626953,18.055245849835337,17.899261157094646,18.02599802263988,5513200
2025-02-20,18.12348747253418,18.230727637532247,17.97725206720849,17.97725206720849,6110500
2025-02-21,18.669435501098633,18.688934052725234,17.9967503458547,17.9967503458547,9835000
2025-02-24,18.815670013427734,18.893662356694882,18.57194370828238,18.57194370828238,8766100
2025-02-25,18.874168395996094,19.04965165860518,18.718183686895664,18.79617604144588,8835600
2025-02-26,18.85466957092285,18.93266192434974,18.61094323402828,18.825421741081126,8035800
2025-02-27,19.13739013671875,19.156888688909284,18.796174770805813,18.854668567893132,8982100
2025-02-28,18.9619083404541,19.283627006789278,18.952159064567066,19.234880627354105,10534400
2025-03-03,19.478607177734375,19.605345906288875,18.854668389417647,18.893663633945312,13318300
2025-03-04,19.702835083007812,20.005057062728312,19.390865686701485,19.751581463358352,10476700
2025-03-05,19.507854461669922,19.85882095005177,19.478606634476698,19.69308698159192,10277700
2025-03-06,19.819826126098633,19.946563006206947,19.556601229545485,19.77108160132261,10316400
2025-03-07,19.761329650878906,20.170789925846982,19.65408947949931,19.858820546725433,11612400
2025-03-10,20.268281936645508,20.463261879580173,19.878318331807616,20.01480633729459,8430500
2025-03-11,20.25853157043457,20.492508605056088,20.024554535813053,20.239033019345065,7570700
2025-03-12,20.229284286499023,20.395018256237663,19.97580869398792,20.03430248934149,7138800
2025-03-13,20.551002502441406,20.65824267449012,20.16104077610635,20.219534570185562,7016500
2025-03-14,20.053800582885742,20.424265617126064,20.03430203171853,20.326774720774182,7620600
2025-03-17,19.800325393676758,20.08304881282477,19.751580874264313,20.08304881282477,6946900
2025-03-18,19.975807189941406,20.063548806107512,19.917313398992032,19.917313398992032,8140400
2025-03-19,19.6735897064209,19.98555911211694,19.55660024954272,19.975809835753395,5969400
2025-03-20,19.800325393676758,19.878317740427207,19.595596180763415,19.868568464647872,7472600
2025-03-21,19.94655990600586,20.14154169377369,19.888066113469165,20.044050799889774,6385800
2025-03-24,19.439611434936523,19.663839198804975,19.42011288343034,19.6345913715457,6416000
2025-03-25,19.55660057067871,19.624843646859787,19.420114418316558,19.459109664926732,6929600
2025-03-26,19.768617630004883,19.856958179015354,19.454518732268586,19.542859281279057,8807500
2025-03-27,19.856956481933594,19.94529702339401,19.69990704648773,19.78824758794815,9931600
2025-03-28,20.26921272277832,20.387000741290002,19.886404938925175,19.886404938925175,10452200
2025-03-31,20.367368698120117,20.78943977068972,20.279028153992666,20.59312703436716,11533000
2025-04-01,20.387001037597656,20.68146827989113,20.20050411898402,20.42626246288749,8450700
2025-04-02,20.05327033996582,20.691283941363565,19.994377266406183,20.671652292784668,12238400
2025-04-03,21.35874366760254,21.398005090105354,20.818884598817625,21.005381504192552,11076100
2025-04-04,22.330488204956055,22.821268165504538,22.006573505881132,22.16362294348249,11679200
2025-04-07,22.52680015563965,23.488728395582267,21.211509757278552,23.184445354820195,24801600
2025-04-08,23.13536834716797,23.439651415681425,21.741553105614056,21.751368930040563,12541700
2025-04-09,21.14280128479004,23.54762193242424,20.84833218953199,23.410204144609985,22548400
2025-04-10,22.036022186279297,22.5758794236256,21.64339669856154,21.75136889490163,11716300
2025-04-11,21.731735229492188,22.448275367562072,21.692473807669906,22.124360680776416,6692200
2025-04-14,21.486347198486328,21.888786637428883,21.329297752663724,21.329297752663724,5012500
2025-04-15,21.46671485900879,21.574685170010728,21.21150907197147,21.515792102902683,4651300
2025-04-16,21.692474365234375,21.957495990010045,21.486345810794315,21.604133823642485,5353700
2025-04-17,21.505977630615234,21.761183433683648,21.417637088315516,21.702290362876155,2789100
2025-04-21,21.957496643066406,22.193070803592203,21.67284336232044,21.70229083445254,2124300
2025-04-22,21.378376007080078,21.75136795772884,21.3194810631537,21.672843238003995,3127400
2025-04-23,21.0740909576416,21.123170077295313,20.4753406752822,20.77962372842727,4388400
2025-04-24,20.652023315429688,21.113355841820862,20.622575841421988,21.015199467305663,3180900
2025-04-25,20.67165184020996,20.93667347369167,20.65202206423788,20.81888545697413,4643700
2025-04-28,20.583309173583984,20.838514956679518,20.45570721812463,20.62257246583414,8129700
2025-04-29,20.475339889526367,20.799254578102467,20.396815173270856,20.642205145591443,9330700
2025-04-30,20.61275863647461,21.025013884091184,20.544049740568017,20.78943972433557,9444300
2025-05-01,20.475339889526367,20.720729861846955,20.30847463346129,20.52441713511972,7680200
2025-05-02,20.03363609313965,20.26921022900265,19.955111381185315,20.249578582969864,7079000
2025-05-05,20.19068717956543,20.26921189798555,20.033637742725187,20.220134651039338,7803000
2025-05-06,20.406631469726562,20.52441761075094,20.22995038601304,20.43607706889418,8579000
2025-05-07,20.347736358642578,20.494969969793043,20.229950218592982,20.27902746491749,10576900
2025-05-08,19.97474479675293,20.269212024623922,19.807879535045508,20.112162586802462,10543500
2025-05-09,20.014005661010742,20.102346201339564,19.86677205118835,19.945296767905422,10669000
2025-05-12,19.317100524902344,19.52322722012546,19.13060360624067,19.21894415338688,14240800
2025-05-13,19.248390197753906,19.31709909106159,19.160049657164905,19.228758550472588,10673800
2025-05-14,19.415254592895508,19.454516013537283,19.277834940207182,19.307282409821145,14125400
2025-05-15,19.307283401489258,19.562489201387734,19.297467577780438,19.444701189058843,12614200
2025-05-16,19.160049438476562,19.356360292518307,19.13060196789069,19.28765139999485,13673400
2025-05-19,19.238574981689453,19.483964963924837,19.238574981689453,19.434885844171568,15407600
2025-05-20,19.238574981689453,19.336731349019004,19.179681910162518,19.287652229265735,15805000
2025-05-21,19.78824806213379,19.817695534051893,19.375992816165294,19.474149183715316,24182200
2025-05-22,19.778430938720703,19.945296190939615,19.67046062646861,19.88640312314967,13649000
2025-05-23,19.856956481933594,20.141609753789812,19.798063411685632,20.141609753789812,16267500
2025-05-27,19.36617660522461,19.70972294869657,19.36617660522461,19.572305160178566,15364100
2025-05-28,19.57230567932129,19.61156710329198,19.33673151896614,19.366177118899905,21360900
2025-05-29,19.513410568237305,19.670461879308103,19.4348858487904,19.4348858487904,32963100
2025-05-30,19.631196975708008,19.77843057859045,19.523224793245024,19.631196975708008,28814200
2025-06-02,19.57230567932129,19.85695708768405,19.562489855284365,19.61156710329198,10379300
2025-06-03,19.258207321166992,19.591935986588723,19.209128199651257,19.5134112643406,8900400
2025-06-04,19.317100524902344,19.346546125833036,19.179682728086934,19.24839162649464,7702400
2025-06-05,19.317100524902344,19.454518321717753,19.199312504648372,19.307284700533092,10283700
2025-06-06,19.02263069152832,19.150234531329648,19.00300091570865,19.05207816352332,9026900
2025-06-09,18.904844284057617,18.973553178910016,18.806687917621204,18.855765164750924,7190900
2025-06-10,18.78705596923828,18.85576486299109,18.70853125178122,18.80668761664678,10190700
2025-06-11,18.875396728515625,18.904844199968657,18.67908586869296,18.70853146796903,13464600
2025-06-12,18.953922271728516,19.06189446624481,18.914660846926168,19.012817217197608,8109000
2025-06-13,19.317100524902344,19.375993598940795,19.08152635657147,19.228759977756134,12890900
2025-06-16,19.091341018676758,19.189495512039596,18.983368829365293,19.110970794043155,6451300
2025-06-17,19.307283401489258,19.317099225198078,19.120786495375576,19.258206155122103,6927300
2025-06-18,19.199310302734375,19.37599137676375,19.04226087519201,19.326914132723083,6483200
2025-06-20,19.258207321166992,19.32691621911197,19.071710403761305,19.08152622806445,8387500
2025-06-23,19.032445907592773,19.483964436208694,19.032445907592773,19.326915001605837,8249500
2025-06-24,18.796871185302734,18.983368085300786,18.747793940544927,18.88521172360829,5787900
2025-06-25,18.999265670776367,19.0091871856108,18.761154991756445,18.780998021425305,5774000
2025-06-26,18.69170570373535,18.94965940446797,18.681784189206933,18.93973788993955,7030700
2025-06-27,18.69170570373535,18.820681607933956,18.54288677047991,18.652019645621685,11327900
2025-06-30,18.671863555908203,18.711549615894874,18.602414843267017,18.612336358263686,7836100
2025-07-01,18.4932804107666,18.810761327157106,18.275012753832012,18.780998673955203,12230700
2025-07-02,18.235326766967773,18.542888061760273,18.235326766967773,18.4635178323412,7631700
2025-07-03,18.08650779724121,18.18572105695572,18.066664766831202,18.175799541750717,5941100
2025-07-07,18.34446144104004,18.46351773068089,18.11627226925856,18.215485528570014,11432500
2025-07-08,18.235326766967773,18.304777373503057,18.14603691466491,18.29485585828373,10053100
2025-07-09,18.036901473999023,18.25516912376318,18.036901473999023,18.126193215342422,8019000
2025-07-10,17.957530975341797,18.10634991121345,17.85831772064888,18.076585367104943,8125900
2025-07-11,18.205564498901367,18.215486014330647,18.06666517522703,18.08650820608559,8426900
2025-07-14,18.08650779724121,18.27501280146523,18.076586282036207,18.245248255850214,9933900
2025-07-15,18.443674087524414,18.443674087524414,18.00713689646013,18.017058411295164,12215200
2025-07-16,18.265090942382812,18.612336398678234,18.235326397328176,18.334539655174797,8977800
2025-07-17,18.046823501586914,18.294855702957626,18.00713744104655,18.275012672687446,10605100
2025-07-18,18.165878295898438,18.205564357306898,17.92776760445437,17.92776760445437,11717200
2025-07-21,18.24524688720703,18.26508991612854,18.007136217155086,18.086506440505733,8274900
2025-07-22,18.0964298248291,18.324619003998556,18.056745655220997,18.235327256960844,8553700
2025-07-23,17.83847427368164,18.03690077842272,17.83847427368164,17.977373583934554,7765300
2025-07-24,18.07658576965332,18.0865072845771,17.89800417803176,17.917845315543833,9953700
2025-07-25,18.026979446411133,18.175798380305505,18.007136417269106,18.026979446411133,7823400
2025-07-28,18.046823501586914,18.106350700061938,17.947610242571525,17.947610242571525,6797600
2025-07-29,18.175798416137695,18.215484474499988,17.927766228379625,17.927766228379625,10106800
2025-07-30,18.255168914794922,18.38414671407473,17.987293693831113,18.096428463631653,11979000
2025-07-31,18.443674087524414,18.483358254529097,18.225406438160004,18.35438234634455,13930200
2025-08-01,18.820682525634766,19.038952071231996,18.691706615147265,18.721471160183842,13912800
2025-08-04,18.413909912109375,18.731390823852305,18.413909912109375,18.701628171086092,7968300
2025-08-05,18.324617385864258,18.542886922609338,18.294854734370237,18.344460415083887,8366600
2025-08-06,18.35438346862793,18.45359673070925,18.31469740686117,18.31469740686117,8938700
2025-08-07,18.413909912109375,18.532966200180724,18.165877713268276,18.165877713268276,15244800
2025-08-08,18.38414764404297,18.443674843156536,18.27501286872181,18.334540067835377,11060600
2025-08-11,18.403987884521484,18.43375242879425,18.28493349210132,18.3444606883114,10081900
2025-08-12,17.84839630126953,18.324617655536365,17.838474786513707,18.275011974092696,12933600
2025-08-13,17.511072158813477,17.769025862363584,17.49122912953991,17.73926131845323,10305200
2025-08-14,17.729341506958008,17.898003469312656,17.689655448834372,17.729341506958008,11852300
2025-08-15,17.828554153442383,17.917845898325133,17.70949975515574,17.70949975515574,8710000
2025-08-18,17.769025802612305,17.848396027104258,17.72934163653404,17.838474512500834,7106200
2025-08-19,17.90792465209961,17.95753222907722,17.68965699040482,17.788870252024477,10323900
2025-08-20,17.987293243408203,18.11627103945826,17.907923019814092,17.947609077778846,12262800
2025-08-21,17.927766799926758,18.11627179848645,17.907923770113005,18.06666422395207,10044000
2025-08-22,17.25311851501465,17.848396148935283,17.20351283399436,17.838474634264138,14575500
2025-08-25,17.43170166015625,17.43170166015625,17.292804242094576,17.312647271056356,7020400
2025-08-26,17.292804718017578,17.411859110394023,17.2531186590018,17.411859110394023,7835400
2025-08-27,17.163827896118164,17.342411387189507,17.163827896118164,17.342411387189507,7444800
2025-08-28,17.153907775878906,17.223356488763354,17.094378685690376,17.1043002007218,7006300
2025-08-29,17.233278274536133,17.302726988511647,17.11422198462416,17.12414349981145,9281100
2025-09-02,17.342411041259766,17.511073013647778,17.302726873110803,17.47138884549881,11382400
2025-09-03,17.372175216674805,17.46146695852786,17.243197415182397,17.39201824649448,10203900
2025-09-04,17.153907775878906,17.372175429563676,17.143986260847484,17.322567854406568,9436100
2025-09-05,17.074535369873047,17.28288339737504,16.935637946428695,17.084456884738426,14499800
2025-09-08,17.05469512939453,17.183671044756426,17.03485209862022,17.03485209862022,7266800
2025-09-09,17.143985748291016,17.253118625702886,17.06461552274809,17.06461552274809,9176900
2025-09-10,17.173748016357422,17.253118240126565,17.05469362687141,17.124142336127484,9263800
2025-09-11,16.876110076904297,17.19359097059999,16.86618856243438,17.153906805055723,8505300
2025-09-12,17.05469512939453,17.064616644781687,16.915795806309912,16.915795806309912,6041400
2025-09-15,16.985246658325195,17.044773859168767,16.935639080675887,16.99516628151946,7783600
2025-09-16,17.0150089263916,17.134065217712134,16.97532475750846,17.005087411086926,8276900
2025-09-17,16.975324630737305,17.10430054406377,16.59831462131741,16.985246145967885,13353300
2025-09-18,16.568552017211914,16.886032936192052,16.538787471431696,16.846346875151763,11013900
2025-09-19,16.687606811523438,16.717371358009725,16.518944832772313,16.518944832772313,8392100
2025-09-22,16.58839225769043,16.8165833116521,16.568551120579563,16.737213086202303,8711700
2025-09-23,16.63800048828125,16.66776314129049,16.419730940424053,16.55863025969741,9234100
2025-09-24,16.780000686645508,16.799999237060547,16.59000015258789,16.6299991607666,7266500
2025-09-25,16.959999084472656,17.06999969482422,16.90999984741211,16.979999542236328,8983100
2025-09-26,16.81999969482422,16.959999084472656,16.799999237060547,16.940000534057617,8196600
2025-09-29,16.799999237060547,16.860000610351562,16.709999084472656,16.719999313354492,7978500
2025-09-30,16.790000915527344,16.959999084472656,16.780000686645508,16.850000381469727,7172500
2025-10-01,16.760000228881836,16.8799991607666,16.719999313354492,16.8799991607666,7282000
2025-10-02,16.65999984741211,16.829999923706055,16.649999618530273,16.719999313354492,7967700
2025-10-03,16.540000915527344,16.579999923706055,16.3799991607666,16.56999969482422,9680700
2025-10-06,16.479999542236328,16.530000686645508,16.360000610351562,16.420000076293945,10765800
2025-10-07,16.649999618530273,16.719999313354492,16.43000030517578,16.440000534057617,10170600
2025-10-08,16.489999771118164,16.690000534057617,16.469999313354492,16.59000015258789,6917800
2025-10-09,16.59000015258789,16.670000076293945,16.450000762939453,16.510000228881836,7842200
2025-10-10,17.100000381469727,17.110000610351562,16.479999542236328,16.559999465942383,11948300
2025-10-13,16.6299991607666,16.84000015258789,16.610000610351562,16.799999237060547,9710000
2025-10-14,16.389999389648438,16.899999618530273,16.270000457763672,16.850000381469727,12478200
2025-10-15,16.229999542236328,16.440000534057617,16.079999923706055,16.229999542236328,11880200
2025-10-16,16.579999923706055,16.649999618530273,16.18000030517578,16.190000534057617,13714400
2025-10-17,16.700000762939453,16.829999923706055,16.579999923706055,16.709999084472656,10346900
2025-10-20,16.3799991607666,16.510000228881836,16.360000610351562,16.489999771118164,7226900
2025-10-21,16.450000762939453,16.549999237060547,16.360000610351562,16.420000076293945,7758100
2025-10-22,16.709999084472656,16.8700008392334,16.469999313354492,16.520000457763672,15613200
2025-10-23,16.5,16.690000534057617,16.450000762939453,16.639999389648438,9558600
2025-10-24,16.299999237060547,16.329999923706055,16.190000534057617,16.270000457763672,8528400
2025-10-27,16.239999771118164,16.299999237060547,16.1299991607666,16.149999618530273,7727400
2025-10-28,16.329999923706055,16.389999389648438,16.209999084472656,16.290000915527344,9060700
2025-10-29,16.479999542236328,16.6200008392334,16.200000762939453,16.350000381469727,16436200
2025-10-30,16.6200008392334,16.6299991607666,16.399999618530273,16.579999923706055,10725500
2025-10-31,16.530000686645508,16.709999084472656,16.5,16.6200008392334,11320000
2025-11-03,16.600000381469727,16.790000915527344,16.540000915527344,16.540000915527344,11581800
2025-11-04,16.8799991607666,16.889999389648438,16.68000030517578,16.850000381469727,14078400
2025-11-06,16.895000457763672,16.969900131225586,16.639999389648438,16.65999984741211,10052723
